year,stage,date,player_key,player_display,team_code,opponent_code,minute,minute_extra,penalty,own_goal,source_page
1930,group,1930-07-13,Lucien Laurent,L. Laurent,FRA,MEX,19,,0,0,1930 FIFA World Cup Group 1
1930,group,1930-07-13,Bart McGhee,McGhee,USA,BEL,23,,0,0,1930 FIFA World Cup Group 4
1930,group,1930-07-13,Marcel Langiller,Langiller,FRA,MEX,40,,0,0,1930 FIFA World Cup Group 1
1930,group,1930-07-13,André Maschinot,Maschinot,FRA,MEX,43,,0,0,1930 FIFA World Cup Group 1
1930,group,1930-07-13,Tom Florie,Florie,USA,BEL,45,,0,0,1930 FIFA World Cup Group 4
1930,group,1930-07-13,Bert Patenaude,Patenaude,USA,BEL,69,,0,0,1930 FIFA World Cup Group 4
1930,group,1930-07-13,Juan Carreño,Carreño,MEX,FRA,70,,0,0,1930 FIFA World Cup Group 1
1930,group,1930-07-13,André Maschinot,Maschinot,FRA,MEX,87,,0,0,1930 FIFA World Cup Group 1
1930,group,1930-07-14,Adalbert Deșu,Deșu,ROU,PER,1,,0,0,1930 FIFA World Cup Group 3
1930,group,1930-07-14,Aleksandar Tirnanić,Tirnanić,YUG,BRA,21,,0,0,1930 FIFA World Cup Group 2
1930,group,1930-07-14,Ivan Bek,Bek,YUG,BRA,30,,0,0,1930 FIFA World Cup Group 2
1930,group,1930-07-14,Preguinho,Preguinho,BRA,YUG,62,,0,0,1930 FIFA World Cup Group 2
1930,group,1930-07-14,Luis de Souza,De Souza,PER,ROU,75,,0,0,1930 FIFA World Cup Group 3
1930,group,1930-07-14,Constantin Stanciu,Stanciu,ROU,PER,79,,0,0,1930 FIFA World Cup Group 3
1930,group,1930-07-14,Miklós Kovács (footballer),Kovács,ROU,PER,89,,0,0,1930 FIFA World Cup Group 3
1930,group,1930-07-15,Luis Monti,Monti,ARG,FRA,81,,0,0,1930 FIFA World Cup Group 1
1930,group,1930-07-16,Carlos Vidal,Vidal,CHI,MEX,3,,0,0,1930 FIFA World Cup Group 1
1930,group,1930-07-16,"Manuel Rosas (footballer, born 1912)",M. Rosas,MEX,CHI,52,,0,1,1930 FIFA World Cup Group 1
1930,group,1930-07-16,Carlos Vidal,Vidal,CHI,MEX,65,,0,0,1930 FIFA World Cup Group 1
1930,group,1930-07-17,Bert Patenaude,Patenaude,USA,PAR,10,,0,0,1930 FIFA World Cup Group 4
1930,group,1930-07-17,Bert Patenaude,Patenaude,USA,PAR,15,,0,0,1930 FIFA World Cup Group 4
1930,group,1930-07-17,Bert Patenaude,Patenaude,USA,PAR,50,,0,0,1930 FIFA World Cup Group 4
1930,group,1930-07-17,Ivan Bek,Bek,YUG,BOL,60,,0,0,1930 FIFA World Cup Group 2
1930,group,1930-07-17,Blagoje Marjanović,Marjanović,YUG,BOL,65,,0,0,1930 FIFA World Cup Group 2
1930,group,1930-07-17,Ivan Bek,Bek,YUG,BOL,67,,0,0,1930 FIFA World Cup Group 2
1930,group,1930-07-17,Đorđe Vujadinović,Vujadinović,YUG,BOL,85,,0,0,1930 FIFA World Cup Group 2
1930,group,1930-07-18,Héctor Castro,Castro,URU,PER,65,,0,0,1930 FIFA World Cup Group 3
1930,group,1930-07-19,Guillermo Stábile,Stábile,ARG,MEX,8,,0,0,1930 FIFA World Cup Group 1
1930,group,1930-07-19,Adolfo Zumelzú,Zumelzú,ARG,MEX,12,,0,0,1930 FIFA World Cup Group 1
1930,group,1930-07-19,Guillermo Stábile,Stábile,ARG,MEX,17,,0,0,1930 FIFA World Cup Group 1
1930,group,1930-07-19,"Manuel Rosas (footballer, born 1912)",M. Rosas,MEX,ARG,42,,1,0,1930 FIFA World Cup Group 1
1930,group,1930-07-19,Francisco Varallo,Varallo,ARG,MEX,53,,0,0,1930 FIFA World Cup Group 1
1930,group,1930-07-19,Adolfo Zumelzú,Zumelzú,ARG,MEX,55,,0,0,1930 FIFA World Cup Group 1
1930,group,1930-07-19,"Manuel Rosas (footballer, born 1912)",M. Rosas,MEX,ARG,65,,0,0,1930 FIFA World Cup Group 1
1930,group,1930-07-19,Guillermo Subiabre,Subiabre,CHI,FRA,67,,0,0,1930 FIFA World Cup Group 1
1930,group,1930-07-19,Roberto Gayón,Gayón,MEX,ARG,75,,0,0,1930 FIFA World Cup Group 1
1930,group,1930-07-19,Guillermo Stábile,Stábile,ARG,MEX,80,,0,0,1930 FIFA World Cup Group 1
1930,group,1930-07-20,Moderato Wisintainer,Moderato,BRA,BOL,37,,0,0,1930 FIFA World Cup Group 2
1930,group,1930-07-20,Luis Vargas Peña,Vargas Peña,PAR,BEL,40,,0,0,1930 FIFA World Cup Group 4
1930,group,1930-07-20,Preguinho,Preguinho,BRA,BOL,57,,0,0,1930 FIFA World Cup Group 2
1930,group,1930-07-20,Moderato Wisintainer,Moderato,BRA,BOL,73,,0,0,1930 FIFA World Cup Group 2
1930,group,1930-07-20,Preguinho,Preguinho,BRA,BOL,83,,0,0,1930 FIFA World Cup Group 2
1930,group,1930-07-21,Pablo Dorado,Dorado,URU,ROU,7,,0,0,1930 FIFA World Cup Group 3
1930,group,1930-07-21,Héctor Scarone,Scarone,URU,ROU,26,,0,0,1930 FIFA World Cup Group 3
1930,group,1930-07-21,Peregrino Anselmo,Anselmo,URU,ROU,31,,0,0,1930 FIFA World Cup Group 3
1930,group,1930-07-21,Pedro Cea,Cea,URU,ROU,35,,0,0,1930 FIFA World Cup Group 3
1930,group,1930-07-22,Guillermo Stábile,Stábile,ARG,CHI,12,,0,0,1930 FIFA World Cup Group 1
1930,group,1930-07-22,Guillermo Stábile,Stábile,ARG,CHI,13,,0,0,1930 FIFA World Cup Group 1
1930,group,1930-07-22,Guillermo Subiabre,Subiabre,CHI,ARG,15,,0,0,1930 FIFA World Cup Group 1
1930,group,1930-07-22,Mario Evaristo,M. Evaristo,ARG,CHI,51,,0,0,1930 FIFA World Cup Group 1
1930,semi-final,1930-07-26,Luis Monti,Monti,ARG,USA,20,,0,0,1930 FIFA World Cup knockout stage
1930,semi-final,1930-07-26,Alejandro Scopelli,Scopelli,ARG,USA,56,,0,0,1930 FIFA World Cup knockout stage
1930,semi-final,1930-07-26,Guillermo Stábile,Stábile,ARG,USA,69,,0,0,1930 FIFA World Cup knockout stage
1930,semi-final,1930-07-26,Carlos Peucelle,Peucelle,ARG,USA,80,,0,0,1930 FIFA World Cup knockout stage
1930,semi-final,1930-07-26,Carlos Peucelle,Peucelle,ARG,USA,85,,0,0,1930 FIFA World Cup knockout stage
1930,semi-final,1930-07-26,Guillermo Stábile,Stábile,ARG,USA,87,,0,0,1930 FIFA World Cup knockout stage
1930,semi-final,1930-07-26,"Jim Brown (soccer, born 1908)",Brown,USA,ARG,89,,0,0,1930 FIFA World Cup knockout stage
1930,semi-final,1930-07-27,Đorđe Vujadinović,Vujadinović,YUG,URU,4,,0,0,1930 FIFA World Cup knockout stage
1930,semi-final,1930-07-27,Pedro Cea,Cea,URU,YUG,18,,0,0,1930 FIFA World Cup knockout stage
1930,semi-final,1930-07-27,Peregrino Anselmo,Anselmo,URU,YUG,20,,0,0,1930 FIFA World Cup knockout stage
1930,semi-final,1930-07-27,Peregrino Anselmo,Anselmo,URU,YUG,31,,0,0,1930 FIFA World Cup knockout stage
1930,semi-final,1930-07-27,Santos Iriarte,Iriarte,URU,YUG,61,,0,0,1930 FIFA World Cup knockout stage
1930,semi-final,1930-07-27,Pedro Cea,Cea,URU,YUG,67,,0,0,1930 FIFA World Cup knockout stage
1930,semi-final,1930-07-27,Pedro Cea,Cea,URU,YUG,72,,0,0,1930 FIFA World Cup knockout stage
1930,final,1930-07-30,Pablo Dorado,Dorado,URU,ARG,12,,0,0,1930 FIFA World Cup final
1930,final,1930-07-30,Carlos Peucelle,Peucelle,ARG,URU,20,,0,0,1930 FIFA World Cup final
1930,final,1930-07-30,Guillermo Stábile,Stábile,ARG,URU,37,,0,0,1930 FIFA World Cup final
1930,final,1930-07-30,Pedro Cea,Cea,URU,ARG,57,,0,0,1930 FIFA World Cup final
1930,final,1930-07-30,Santos Iriarte,Iriarte,URU,ARG,68,,0,0,1930 FIFA World Cup final
1930,final,1930-07-30,Héctor Castro,Castro,URU,ARG,89,,0,0,1930 FIFA World Cup final
1934,round-of-16,1934-05-27,Ernesto Belis,Belis,ARG,SWE,4,,0,0,1934 FIFA World Cup final tournament
1934,round-of-16,1934-05-27,Leopold Kielholz,Kielholz,SUI,NED,7,,0,0,1934 FIFA World Cup final tournament
1934,round-of-16,1934-05-27,Sven Jonasson,Jonasson,SWE,ARG,9,,0,0,1934 FIFA World Cup final tournament
1934,round-of-16,1934-05-27,Pál Teleki (footballer),Teleki,HUN,EGY,11,,0,0,1934 FIFA World Cup final tournament
1934,round-of-16,1934-05-27,Ștefan Dobay,Dobay,ROU,CSK,11,,0,0,1934 FIFA World Cup final tournament
1934,round-of-16,1934-05-27,Angelo Schiavio,Schiavio,ITA,USA,18,,0,0,1934 FIFA World Cup final tournament
1934,round-of-16,1934-05-27,Jean Nicolas,Nicolas,FRA,AUT,18,,0,0,1934 FIFA World Cup final tournament
1934,round-of-16,1934-05-27,José Iraragorri,Iraragorri,ESP,BRA,18,,1,0,1934 FIFA World Cup final tournament
1934,round-of-16,1934-05-27,Raimundo Orsi,Orsi,ITA,USA,20,,0,0,1934 FIFA World Cup final tournament
1934,round-of-16,1934-05-27,José Iraragorri,Iraragorri,ESP,BRA,25,,0,0,1934 FIFA World Cup final tournament
1934,round-of-16,1934-05-27,Stanislaus Kobierski,Kobierski,GER,BEL,25,,0,0,1934 FIFA World Cup final tournament
1934,round-of-16,1934-05-27,Angelo Schiavio,Schiavio,ITA,USA,29,,0,0,1934 FIFA World Cup final tournament
1934,round-of-16,1934-05-27,Bernard Voorhoof,Voorhoof,BEL,GER,29,,0,0,1934 FIFA World Cup final tournament
1934,round-of-16,1934-05-27,Isidro Lángara,Lángara,ESP,BRA,29,,0,0,1934 FIFA World Cup final tournament
1934,round-of-16,1934-05-27,Kick Smit,Smit,NED,SUI,29,,0,0,1934 FIFA World Cup final tournament
1934,round-of-16,1934-05-27,Géza Toldi,Toldi,HUN,EGY,31,,0,0,1934 FIFA World Cup final tournament
1934,round-of-16,1934-05-27,Abdulrahman Fawzi,Fawzi,EGY,HUN,35,,0,0,1934 FIFA World Cup final tournament
1934,round-of-16,1934-05-27,Abdulrahman Fawzi,Fawzi,EGY,HUN,39,,0,0,1934 FIFA World Cup final tournament
1934,round-of-16,1934-05-27,Bernard Voorhoof,Voorhoof,BEL,GER,43,,0,0,1934 FIFA World Cup final tournament
1934,round-of-16,1934-05-27,Leopold Kielholz,Kielholz,SUI,NED,43,,0,0,1934 FIFA World Cup final tournament
1934,round-of-16,1934-05-27,Matthias Sindelar,Sindelar,AUT,FRA,44,,0,0,1934 FIFA World Cup final tournament
1934,round-of-16,1934-05-27,Alberto Galateo,Galateo,ARG,SWE,48,,0,0,1934 FIFA World Cup final tournament
1934,round-of-16,1934-05-27,Otto Siffling,Siffling,GER,BEL,49,,0,0,1934 FIFA World Cup final tournament
1934,round-of-16,1934-05-27,Antonín Puč,Puč,CSK,ROU,50,,0,0,1934 FIFA World Cup final tournament
1934,round-of-16,1934-05-27,Jenő Vincze,Vincze,HUN,EGY,53,,0,0,1934 FIFA World Cup final tournament
1934,round-of-16,1934-05-27,"Leônidas (footballer, born 1913)",Leônidas,BRA,ESP,55,,0,0,1934 FIFA World Cup final tournament
1934,round-of-16,1934-05-27,Aldo Donelli,Donelli,USA,ITA,57,,0,0,1934 FIFA World Cup final tournament
1934,round-of-16,1934-05-27,Géza Toldi,Toldi,HUN,EGY,61,,0,0,1934 FIFA World Cup final tournament
1934,round-of-16,1934-05-27,Giovanni Ferrari,Ferrari,ITA,USA,63,,0,0,1934 FIFA World Cup final tournament
1934,round-of-16,1934-05-27,Angelo Schiavio,Schiavio,ITA,USA,64,,0,0,1934 FIFA World Cup final tournament
1934,round-of-16,1934-05-27,André Abegglen,Abegglen,SUI,NED,66,,0,0,1934 FIFA World Cup final tournament
1934,round-of-16,1934-05-27,Edmund Conen,Conen,GER,BEL,66,,0,0,1934 FIFA World Cup final tournament
1934,round-of-16,1934-05-27,Oldřich Nejedlý,Nejedlý,CSK,ROU,67,,0,0,1934 FIFA World Cup final tournament
1934,round-of-16,1934-05-27,Sven Jonasson,Jonasson,SWE,ARG,67,,0,0,1934 FIFA World Cup final tournament
1934,round-of-16,1934-05-27,Leen Vente,Vente,NED,SUI,69,,0,0,1934 FIFA World Cup final tournament
1934,round-of-16,1934-05-27,Raimundo Orsi,Orsi,ITA,USA,69,,0,0,1934 FIFA World Cup final tournament
1934,round-of-16,1934-05-27,Edmund Conen,Conen,GER,BEL,70,,0,0,1934 FIFA World Cup final tournament
1934,round-of-16,1934-05-27,Knut Kroon,Kroon,SWE,ARG,79,,0,0,1934 FIFA World Cup final tournament
1934,round-of-16,1934-05-27,Edmund Conen,Conen,GER,BEL,87,,0,0,1934 FIFA World Cup final tournament
1934,round-of-16,1934-05-27,Giuseppe Meazza,Meazza,ITA,USA,90,,0,0,1934 FIFA World Cup final tournament
1934,round-of-16,1934-05-27,Anton Schall,Schall,AUT,FRA,93,,0,0,1934 FIFA World Cup final tournament
1934,round-of-16,1934-05-27,Josef Bican,Bican,AUT,FRA,109,,0,0,1934 FIFA World Cup final tournament
1934,round-of-16,1934-05-27,Georges Verriest,Verriest,FRA,AUT,116,,1,0,1934 FIFA World Cup final tournament
1934,quarter-final,1934-05-31,Johann Horvath,Horvath,AUT,HUN,8,,0,0,1934 FIFA World Cup final tournament
1934,quarter-final,1934-05-31,Leopold Kielholz,Kielholz,SUI,CSK,18,,0,0,1934 FIFA World Cup final tournament
1934,quarter-final,1934-05-31,František Svoboda,Svoboda,CSK,SUI,24,,0,0,1934 FIFA World Cup final tournament
1934,quarter-final,1934-05-31,Luis Regueiro,Regueiro,ESP,ITA,30,,0,0,1934 FIFA World Cup final tournament
1934,quarter-final,1934-05-31,Giovanni Ferrari,Ferrari,ITA,ESP,44,,0,0,1934 FIFA World Cup final tournament
1934,quarter-final,1934-05-31,Jiří Sobotka,Sobotka,CSK,SUI,49,,0,0,1934 FIFA World Cup final tournament
1934,quarter-final,1934-05-31,Karl Zischek,Zischek,AUT,HUN,51,,0,0,1934 FIFA World Cup final tournament
1934,quarter-final,1934-05-31,György Sárosi,Sárosi,HUN,AUT,60,,1,0,1934 FIFA World Cup final tournament
1934,quarter-final,1934-05-31,Karl Hohmann,Hohmann,GER,SWE,60,,0,0,1934 FIFA World Cup final tournament
1934,quarter-final,1934-05-31,Karl Hohmann,Hohmann,GER,SWE,63,,0,0,1934 FIFA World Cup final tournament
1934,quarter-final,1934-05-31,Willy Jäggi,Jäggi,SUI,CSK,78,,0,0,1934 FIFA World Cup final tournament
1934,quarter-final,1934-05-31,Gösta Dunker,Dunker,SWE,GER,82,,0,0,1934 FIFA World Cup final tournament
1934,quarter-final,1934-05-31,Oldřich Nejedlý,Nejedlý,CSK,SUI,82,,0,0,1934 FIFA World Cup final tournament
1934,quarter-final,1934-06-01,Giuseppe Meazza,Meazza,ITA,ESP,11,,0,0,1934 FIFA World Cup final tournament
1934,semi-final,1934-06-03,Enrique Guaita,Guaita,ITA,AUT,19,,0,0,1934 FIFA World Cup final tournament
1934,semi-final,1934-06-03,Oldřich Nejedlý,Nejedlý,CSK,GER,21,,0,0,1934 FIFA World Cup final tournament
1934,semi-final,1934-06-03,Rudolf Noack,Noack,GER,CSK,62,,0,0,1934 FIFA World Cup final tournament
1934,semi-final,1934-06-03,Oldřich Nejedlý,Nejedlý,CSK,GER,69,,0,0,1934 FIFA World Cup final tournament
1934,semi-final,1934-06-03,Oldřich Nejedlý,Nejedlý,CSK,GER,80,,0,0,1934 FIFA World Cup final tournament
1934,third-place,1934-06-07,Ernst Lehner,Lehner,GER,AUT,1,,0,0,1934 FIFA World Cup final tournament
1934,third-place,1934-06-07,Edmund Conen,Conen,GER,AUT,27,,0,0,1934 FIFA World Cup final tournament
1934,third-place,1934-06-07,Johann Horvath,Horvath,AUT,GER,28,,0,0,1934 FIFA World Cup final tournament
1934,third-place,1934-06-07,Ernst Lehner,Lehner,GER,AUT,42,,0,0,1934 FIFA World Cup final tournament
1934,third-place,1934-06-07,Karl Sesta,Sesta,AUT,GER,54,,0,0,1934 FIFA World Cup final tournament
1934,final,1934-06-10,Antonín Puč,Puč,TCH,ITA,71,,0,0,1934 FIFA World Cup final
1934,final,1934-06-10,Raimundo Orsi,Orsi,ITA,TCH,81,,0,0,1934 FIFA World Cup final
1934,final,1934-06-10,Angelo Schiavio,Schiavio,ITA,TCH,95,,0,0,1934 FIFA World Cup final
1938,round-of-16,1938-06-04,Josef Gauchel,Gauchel,GER,SUI,29,,0,0,1938 FIFA World Cup final tournament
1938,round-of-16,1938-06-04,André Abegglen,Abegglen,SUI,GER,43,,0,0,1938 FIFA World Cup final tournament
1938,round-of-16,1938-06-05,Émile Veinante,Veinante,FRA,BEL,1,,0,0,1938 FIFA World Cup final tournament
1938,round-of-16,1938-06-05,Pietro Ferraris,Ferraris,ITA,NOR,2,,0,0,1938 FIFA World Cup final tournament
1938,round-of-16,1938-06-05,Vilmos Kohut,Kohut,HUN,DEI,13,,0,0,1938 FIFA World Cup final tournament
1938,round-of-16,1938-06-05,Géza Toldi,Toldi,HUN,DEI,15,,0,0,1938 FIFA World Cup final tournament
1938,round-of-16,1938-06-05,Jean Nicolas,Nicolas,FRA,BEL,16,,0,0,1938 FIFA World Cup final tournament
1938,round-of-16,1938-06-05,"Leônidas (footballer, born 1913)",Leônidas,BRA,POL,18,,0,0,Brazil v Poland (1938 FIFA World Cup)
1938,round-of-16,1938-06-05,Friedrich Scherfke,Scherfke,POL,BRA,23,,1,0,Brazil v Poland (1938 FIFA World Cup)
1938,round-of-16,1938-06-05,György Sárosi,G. Sárosi,HUN,DEI,25,,0,0,1938 FIFA World Cup final tournament
1938,round-of-16,1938-06-05,Romeu Pellicciari,Romeu,BRA,POL,25,,0,0,Brazil v Poland (1938 FIFA World Cup)
1938,round-of-16,1938-06-05,Gyula Zsengellér,Zsengellér,HUN,DEI,30,,0,0,1938 FIFA World Cup final tournament
1938,round-of-16,1938-06-05,Silviu Bindea,Bindea,ROU,CUB,35,,0,0,1938 FIFA World Cup final tournament
1938,round-of-16,1938-06-05,Hendrik Isemborghs,Isemborghs,BEL,FRA,38,,0,0,1938 FIFA World Cup final tournament
1938,round-of-16,1938-06-05,Héctor Socorro,Socorro,CUB,ROU,44,,0,0,1938 FIFA World Cup final tournament
1938,round-of-16,1938-06-05,José Perácio,Perácio,BRA,POL,44,,0,0,Brazil v Poland (1938 FIFA World Cup)
1938,round-of-16,1938-06-05,Ernst Wilimowski,Wilimowski,POL,BRA,53,,0,0,Brazil v Poland (1938 FIFA World Cup)
1938,round-of-16,1938-06-05,Ernst Wilimowski,Wilimowski,POL,BRA,59,,0,0,Brazil v Poland (1938 FIFA World Cup)
1938,round-of-16,1938-06-05,Jean Nicolas,Nicolas,FRA,BEL,69,,0,0,1938 FIFA World Cup final tournament
1938,round-of-16,1938-06-05,José Magriñá,Magriñá,CUB,ROU,69,,0,0,1938 FIFA World Cup final tournament
1938,round-of-16,1938-06-05,José Perácio,Perácio,BRA,POL,71,,0,0,Brazil v Poland (1938 FIFA World Cup)
1938,round-of-16,1938-06-05,Gyula Zsengellér,Zsengellér,HUN,DEI,76,,0,0,1938 FIFA World Cup final tournament
1938,round-of-16,1938-06-05,Arne Brustad,Brustad,NOR,ITA,83,,0,0,1938 FIFA World Cup final tournament
1938,round-of-16,1938-06-05,Iuliu Barátky,Barátky,ROU,CUB,88,,0,0,1938 FIFA World Cup final tournament
1938,round-of-16,1938-06-05,Ernst Wilimowski,Wilimowski,POL,BRA,89,,0,0,Brazil v Poland (1938 FIFA World Cup)
1938,round-of-16,1938-06-05,György Sárosi,G. Sárosi,HUN,DEI,89,,0,0,1938 FIFA World Cup final tournament
1938,round-of-16,1938-06-05,"Leônidas (footballer, born 1913)",Leônidas,BRA,POL,93,,0,0,Brazil v Poland (1938 FIFA World Cup)
1938,round-of-16,1938-06-05,Silvio Piola,Piola,ITA,NOR,94,,0,0,1938 FIFA World Cup final tournament
1938,round-of-16,1938-06-05,Josef Košťálek,Košťálek,CSK,NED,96,,0,0,1938 FIFA World Cup final tournament
1938,round-of-16,1938-06-05,Héctor Socorro,Socorro,CUB,ROU,103,,0,0,1938 FIFA World Cup final tournament
1938,round-of-16,1938-06-05,"Leônidas (footballer, born 1913)",Leônidas,BRA,POL,104,,0,0,Brazil v Poland (1938 FIFA World Cup)
1938,round-of-16,1938-06-05,Ștefan Dobay,Dobay,ROU,CUB,105,,0,0,1938 FIFA World Cup final tournament
1938,round-of-16,1938-06-05,Oldřich Nejedlý,Nejedlý,CSK,NED,111,,0,0,1938 FIFA World Cup final tournament
1938,round-of-16,1938-06-05,Ernst Wilimowski,Wilimowski,POL,BRA,118,,0,0,Brazil v Poland (1938 FIFA World Cup)
1938,round-of-16,1938-06-05,Josef Zeman (footballer),Zeman,CSK,NED,118,,0,0,1938 FIFA World Cup final tournament
1938,round-of-16,1938-06-09,Wilhelm Hahnemann,Hahnemann,GER,SUI,8,,0,0,1938 FIFA World Cup final tournament
1938,round-of-16,1938-06-09,Ernst Lörtscher,Lörtscher,SUI,GER,22,,0,1,1938 FIFA World Cup final tournament
1938,round-of-16,1938-06-09,Ștefan Dobay,Dobay,ROU,CUB,35,,0,0,1938 FIFA World Cup final tournament
1938,round-of-16,1938-06-09,Eugen Walaschek,Walaschek,SUI,GER,42,,0,0,1938 FIFA World Cup final tournament
1938,round-of-16,1938-06-09,Héctor Socorro,Socorro,CUB,ROU,51,,0,0,1938 FIFA World Cup final tournament
1938,round-of-16,1938-06-09,"Tomás Fernández (footballer, born 1915)",Fernández,CUB,ROU,57,,0,0,1938 FIFA World Cup final tournament
1938,round-of-16,1938-06-09,Alfred Bickel,Bickel,SUI,GER,64,,0,0,1938 FIFA World Cup final tournament
1938,round-of-16,1938-06-09,André Abegglen,Abegglen,SUI,GER,75,,0,0,1938 FIFA World Cup final tournament
1938,round-of-16,1938-06-09,André Abegglen,Abegglen,SUI,GER,78,,0,0,1938 FIFA World Cup final tournament
1938,quarter-final,1938-06-12,Gino Colaussi,Colaussi,ITA,FRA,9,,0,0,1938 FIFA World Cup final tournament
1938,quarter-final,1938-06-12,Harry Andersson,H. Andersson,SWE,CUB,9,,0,0,1938 FIFA World Cup final tournament
1938,quarter-final,1938-06-12,Oscar Heisserer,Heisserer,FRA,ITA,10,,0,0,1938 FIFA World Cup final tournament
1938,quarter-final,1938-06-12,Gustav Wetterström,Wetterström,SWE,CUB,22,,0,0,1938 FIFA World Cup final tournament
1938,quarter-final,1938-06-12,"Leônidas (footballer, born 1913)",Leônidas,BRA,TCH,30,,0,0,Battle of Bordeaux (1938 FIFA World Cup)
1938,quarter-final,1938-06-12,Gustav Wetterström,Wetterström,SWE,CUB,37,,0,0,1938 FIFA World Cup final tournament
1938,quarter-final,1938-06-12,György Sárosi,G. Sárosi,HUN,SUI,40,,0,0,1938 FIFA World Cup final tournament
1938,quarter-final,1938-06-12,Gustav Wetterström,Wetterström,SWE,CUB,44,,0,0,1938 FIFA World Cup final tournament
1938,quarter-final,1938-06-12,Silvio Piola,Piola,ITA,FRA,51,,0,0,1938 FIFA World Cup final tournament
1938,quarter-final,1938-06-12,Oldřich Nejedlý,Nejedlý,TCH,BRA,65,,1,0,Battle of Bordeaux (1938 FIFA World Cup)
1938,quarter-final,1938-06-12,Silvio Piola,Piola,ITA,FRA,72,,0,0,1938 FIFA World Cup final tournament
1938,quarter-final,1938-06-12,Tore Keller,Keller,SWE,CUB,80,,0,0,1938 FIFA World Cup final tournament
1938,quarter-final,1938-06-12,Harry Andersson,H. Andersson,SWE,CUB,81,,0,0,1938 FIFA World Cup final tournament
1938,quarter-final,1938-06-12,Arne Nyberg,Nyberg,SWE,CUB,84,,0,0,1938 FIFA World Cup final tournament
1938,quarter-final,1938-06-12,Gyula Zsengellér,Zsengellér,HUN,SUI,89,,0,0,1938 FIFA World Cup final tournament
1938,quarter-final,1938-06-12,Harry Andersson,H. Andersson,SWE,CUB,89,,0,0,1938 FIFA World Cup final tournament
1938,quarter-final,1938-06-14,Vlastimil Kopecký,Kopecký,CSK,BRA,25,,0,0,1938 FIFA World Cup final tournament
1938,quarter-final,1938-06-14,"Leônidas (footballer, born 1913)",Leônidas,BRA,CSK,57,,0,0,1938 FIFA World Cup final tournament
1938,quarter-final,1938-06-14,"Roberto (footballer, born 1912)",Roberto,BRA,CSK,62,,0,0,1938 FIFA World Cup final tournament
1938,semi-final,1938-06-16,Arne Nyberg,Nyberg,SWE,HUN,1,,0,0,1938 FIFA World Cup final tournament
1938,semi-final,1938-06-16,Sven Jacobsson,Jacobsson,SWE,HUN,19,,0,1,1938 FIFA World Cup final tournament
1938,semi-final,1938-06-16,Pál Titkos,Titkos,HUN,SWE,37,,0,0,1938 FIFA World Cup final tournament
1938,semi-final,1938-06-16,Gyula Zsengellér,Zsengellér,HUN,SWE,39,,0,0,1938 FIFA World Cup final tournament
1938,semi-final,1938-06-16,Gino Colaussi,Colaussi,ITA,BRA,51,,0,0,1938 FIFA World Cup final tournament
1938,semi-final,1938-06-16,Giuseppe Meazza,Meazza,ITA,BRA,60,,1,0,1938 FIFA World Cup final tournament
1938,semi-final,1938-06-16,György Sárosi,G. Sárosi,HUN,SWE,65,,0,0,1938 FIFA World Cup final tournament
1938,semi-final,1938-06-16,Gyula Zsengellér,Zsengellér,HUN,SWE,85,,0,0,1938 FIFA World Cup final tournament
1938,semi-final,1938-06-16,Romeu Pellicciari,Romeu,BRA,ITA,87,,0,0,1938 FIFA World Cup final tournament
1938,final,1938-06-19,Gino Colaussi,Colaussi,ITA,HUN,6,,0,0,1938 FIFA World Cup final
1938,final,1938-06-19,Pál Titkos,Titkos,HUN,ITA,8,,0,0,1938 FIFA World Cup final
1938,final,1938-06-19,Silvio Piola,Piola,ITA,HUN,16,,0,0,1938 FIFA World Cup final
1938,third-place,1938-06-19,Sven Jonasson,Jonasson,SWE,BRA,28,,0,0,1938 FIFA World Cup final tournament
1938,final,1938-06-19,Gino Colaussi,Colaussi,ITA,HUN,35,,0,0,1938 FIFA World Cup final
1938,third-place,1938-06-19,Arne Nyberg,Nyberg,SWE,BRA,38,,0,0,1938 FIFA World Cup final tournament
1938,third-place,1938-06-19,Romeu Pellicciari,Romeu,BRA,SWE,44,,0,0,1938 FIFA World Cup final tournament
1938,third-place,1938-06-19,"Leônidas (footballer, born 1913)",Leônidas,BRA,SWE,63,,0,0,1938 FIFA World Cup final tournament
1938,final,1938-06-19,György Sárosi,G. Sárosi,HUN,ITA,70,,0,0,1938 FIFA World Cup final
1938,third-place,1938-06-19,"Leônidas (footballer, born 1913)",Leônidas,BRA,SWE,74,,0,0,1938 FIFA World Cup final tournament
1938,third-place,1938-06-19,José Perácio,Perácio,BRA,SWE,80,,0,0,1938 FIFA World Cup final tournament
1938,final,1938-06-19,Silvio Piola,Piola,ITA,HUN,82,,0,0,1938 FIFA World Cup final
1950,group,1950-06-24,Ademir Marques de Menezes,Ademir,BRA,MEX,30,,0,0,1950 FIFA World Cup Group 1
1950,group,1950-06-24,Jair da Rosa Pinto,Jair,BRA,MEX,65,,0,0,1950 FIFA World Cup Group 1
1950,group,1950-06-24,"Baltazar (footballer, born 1926)",Baltazar,BRA,MEX,71,,0,0,1950 FIFA World Cup Group 1
1950,group,1950-06-24,Ademir Marques de Menezes,Ademir,BRA,MEX,79,,0,0,1950 FIFA World Cup Group 1
1950,group,1950-06-25,Riccardo Carapellese,Carapellese,ITA,SWE,7,,0,0,1950 FIFA World Cup Group 3
1950,group,1950-06-25,Gino Pariani,Pariani,USA,ESP,17,,0,0,1950 FIFA World Cup Group 2
1950,group,1950-06-25,Hasse Jeppson,Jeppson,SWE,ITA,25,,0,0,1950 FIFA World Cup Group 3
1950,group,1950-06-25,"Sune Andersson (footballer, born 1921)",Andersson,SWE,ITA,33,,0,0,1950 FIFA World Cup Group 3
1950,group,1950-06-25,Stan Mortensen,Mortensen,ENG,CHI,39,,0,0,1950 FIFA World Cup Group 2
1950,group,1950-06-25,Wilf Mannion,Mannion,ENG,CHI,51,,0,0,1950 FIFA World Cup Group 2
1950,group,1950-06-25,Rajko Mitić,Mitić,YUG,SUI,59,,0,0,1950 FIFA World Cup Group 1
1950,group,1950-06-25,Hasse Jeppson,Jeppson,SWE,ITA,68,,0,0,1950 FIFA World Cup Group 3
1950,group,1950-06-25,Kosta Tomašević,Tomašević,YUG,SUI,70,,0,0,1950 FIFA World Cup Group 1
1950,group,1950-06-25,Ermes Muccinelli,Muccinelli,ITA,SWE,75,,0,0,1950 FIFA World Cup Group 3
1950,group,1950-06-25,Silvestre Igoa,Igoa,ESP,USA,81,,0,0,1950 FIFA World Cup Group 2
1950,group,1950-06-25,Estanislau Basora,Basora,ESP,USA,83,,0,0,1950 FIFA World Cup Group 2
1950,group,1950-06-25,Tihomir Ognjanov,Ognjanov,YUG,SUI,84,,0,0,1950 FIFA World Cup Group 1
1950,group,1950-06-25,Telmo Zarra,Zarra,ESP,USA,89,,0,0,1950 FIFA World Cup Group 2
1950,group,1950-06-28,Alfredo dos Santos,Alfredo,BRA,SUI,3,,0,0,1950 FIFA World Cup Group 1
1950,group,1950-06-28,Jacques Fatton,Fatton,SUI,BRA,17,,0,0,1950 FIFA World Cup Group 1
1950,group,1950-06-28,Stjepan Bobek,Bobek,YUG,MEX,20,,0,0,1950 FIFA World Cup Group 1
1950,group,1950-06-28,Željko Čajkovski,Ž. Čajkovski,YUG,MEX,23,,0,0,1950 FIFA World Cup Group 1
1950,group,1950-06-28,"Baltazar (footballer, born 1926)",Baltazar,BRA,SUI,32,,0,0,1950 FIFA World Cup Group 1
1950,group,1950-06-28,Željko Čajkovski,Ž. Čajkovski,YUG,MEX,51,,0,0,1950 FIFA World Cup Group 1
1950,group,1950-06-28,Kosta Tomašević,Tomašević,YUG,MEX,81,,0,0,1950 FIFA World Cup Group 1
1950,group,1950-06-28,Jacques Fatton,Fatton,SUI,BRA,88,,0,0,1950 FIFA World Cup Group 1
1950,group,1950-06-28,Héctor Ortiz (footballer),Ortiz,MEX,YUG,89,,1,0,1950 FIFA World Cup Group 1
1950,group,1950-06-29,Estanislau Basora,Basora,ESP,CHI,17,,0,0,1950 FIFA World Cup Group 2
1950,group,1950-06-29,Stig Sundqvist,Sundqvist,SWE,PAR,17,,0,0,1950 FIFA World Cup Group 3
1950,group,1950-06-29,Karl-Erik Palmér,Palmér,SWE,PAR,26,,0,0,1950 FIFA World Cup Group 3
1950,group,1950-06-29,Telmo Zarra,Zarra,ESP,CHI,30,,0,0,1950 FIFA World Cup Group 2
1950,group,1950-06-29,Atilio López,López,PAR,SWE,35,,0,0,1950 FIFA World Cup Group 3
1950,group,1950-06-29,Joe Gaetjens,Gaetjens,USA,ENG,38,,0,0,United States v England (1950 FIFA World Cup)
1950,group,1950-06-29,César López Fretes,López Fretes,PAR,SWE,74,,0,0,1950 FIFA World Cup Group 3
1950,group,1950-07-01,Ademir Marques de Menezes,Ademir,BRA,YUG,4,,0,0,1950 FIFA World Cup Group 1
1950,group,1950-07-01,Thomaz Soares da Silva,Zizinho,BRA,YUG,69,,0,0,1950 FIFA World Cup Group 1
1950,group,1950-07-02,René Bader,Bader,SUI,MEX,10,,0,0,1950 FIFA World Cup Group 1
1950,group,1950-07-02,Riccardo Carapellese,Carapellese,ITA,PAR,12,,0,0,1950 FIFA World Cup Group 3
1950,group,1950-07-02,Óscar Míguez,Míguez,URU,BOL,14,,0,0,1950 FIFA World Cup Group 4
1950,group,1950-07-02,George Robledo,Robledo,CHI,USA,16,,0,0,1950 FIFA World Cup Group 2
1950,group,1950-07-02,Ernesto Vidal,Vidal,URU,BOL,18,,0,0,1950 FIFA World Cup Group 4
1950,group,1950-07-02,Juan Alberto Schiaffino,Schiaffino,URU,BOL,23,,0,0,1950 FIFA World Cup Group 4
1950,group,1950-07-02,Atilio Cremaschi,Cremaschi,CHI,USA,32,,0,0,1950 FIFA World Cup Group 2
1950,group,1950-07-02,Óscar Míguez,Míguez,URU,BOL,40,,0,0,1950 FIFA World Cup Group 4
1950,group,1950-07-02,Charles Antenen,Antenen,SUI,MEX,44,,0,0,1950 FIFA World Cup Group 1
1950,group,1950-07-02,Frank Wallace (soccer),Wallace,USA,CHI,47,,0,0,1950 FIFA World Cup Group 2
1950,group,1950-07-02,Joe Maca,Maca,USA,CHI,48,,1,0,1950 FIFA World Cup Group 2
1950,group,1950-07-02,Telmo Zarra,Zarra,ESP,ENG,48,,0,0,1950 FIFA World Cup Group 2
1950,group,1950-07-02,Óscar Míguez,Míguez,URU,BOL,51,,0,0,1950 FIFA World Cup Group 4
1950,group,1950-07-02,"Andrés Prieto (footballer, born 1928)",Prieto,CHI,USA,54,,0,0,1950 FIFA World Cup Group 2
1950,group,1950-07-02,Juan Alberto Schiaffino,Schiaffino,URU,BOL,54,,0,0,1950 FIFA World Cup Group 4
1950,group,1950-07-02,Atilio Cremaschi,Cremaschi,CHI,USA,60,,0,0,1950 FIFA World Cup Group 2
1950,group,1950-07-02,Egisto Pandolfini,Pandolfini,ITA,PAR,62,,0,0,1950 FIFA World Cup Group 3
1950,group,1950-07-02,Fernando Riera,Riera,CHI,USA,82,,0,0,1950 FIFA World Cup Group 2
1950,group,1950-07-02,"Julio Pérez (footballer, born 1926)",Pérez,URU,BOL,83,,0,0,1950 FIFA World Cup Group 4
1950,group,1950-07-02,Alcides Ghiggia,Ghiggia,URU,BOL,87,,0,0,1950 FIFA World Cup Group 4
1950,group,1950-07-02,Horacio Casarín,Casarín,MEX,SUI,89,,0,0,1950 FIFA World Cup Group 1
1950,final-round,1950-07-09,Ademir Marques de Menezes,Ademir,BRA,SWE,17,,0,0,1950 FIFA World Cup final round
1950,final-round,1950-07-09,Alcides Ghiggia,Ghiggia,URU,ESP,29,,0,0,1950 FIFA World Cup final round
1950,final-round,1950-07-09,Ademir Marques de Menezes,Ademir,BRA,SWE,36,,0,0,1950 FIFA World Cup final round
1950,final-round,1950-07-09,Estanislau Basora,Basora,ESP,URU,37,,0,0,1950 FIFA World Cup final round
1950,final-round,1950-07-09,Estanislau Basora,Basora,ESP,URU,39,,0,0,1950 FIFA World Cup final round
1950,final-round,1950-07-09,Francisco Aramburu,Chico,BRA,SWE,39,,0,0,1950 FIFA World Cup final round
1950,final-round,1950-07-09,Ademir Marques de Menezes,Ademir,BRA,SWE,52,,0,0,1950 FIFA World Cup final round
1950,final-round,1950-07-09,Ademir Marques de Menezes,Ademir,BRA,SWE,58,,0,0,1950 FIFA World Cup final round
1950,final-round,1950-07-09,"Sune Andersson (footballer, born 1921)",Andersson,SWE,BRA,67,,1,0,1950 FIFA World Cup final round
1950,final-round,1950-07-09,Obdulio Varela,Varela,URU,ESP,73,,0,0,1950 FIFA World Cup final round
1950,final-round,1950-07-09,Maneca,Maneca,BRA,SWE,85,,0,0,1950 FIFA World Cup final round
1950,final-round,1950-07-09,Francisco Aramburu,Chico,BRA,SWE,88,,0,0,1950 FIFA World Cup final round
1950,final-round,1950-07-13,Karl-Erik Palmér,Palmér,SWE,URU,5,,0,0,1950 FIFA World Cup final round
1950,final-round,1950-07-13,Ademir de Menezes,Ademir,BRA,ESP,15,,0,0,1950 FIFA World Cup final round
1950,final-round,1950-07-13,Jair da Rosa Pinto,Jair,BRA,ESP,21,,0,0,1950 FIFA World Cup final round
1950,final-round,1950-07-13,Francisco Aramburu,Chico,BRA,ESP,31,,0,0,1950 FIFA World Cup final round
1950,final-round,1950-07-13,Alcides Ghiggia,Ghiggia,URU,SWE,39,,0,0,1950 FIFA World Cup final round
1950,final-round,1950-07-13,Stig Sundqvist,Sundqvist,SWE,URU,40,,0,0,1950 FIFA World Cup final round
1950,final-round,1950-07-13,Francisco Aramburu,Chico,BRA,ESP,55,,0,0,1950 FIFA World Cup final round
1950,final-round,1950-07-13,Ademir de Menezes,Ademir,BRA,ESP,57,,0,0,1950 FIFA World Cup final round
1950,final-round,1950-07-13,Thomaz Soares da Silva,Zizinho,BRA,ESP,67,,0,0,1950 FIFA World Cup final round
1950,final-round,1950-07-13,Silvestre Igoa,Igoa,ESP,BRA,71,,0,0,1950 FIFA World Cup final round
1950,final-round,1950-07-13,Óscar Míguez,Míguez,URU,SWE,77,,0,0,1950 FIFA World Cup final round
1950,final-round,1950-07-13,Óscar Míguez,Míguez,URU,SWE,85,,0,0,1950 FIFA World Cup final round
1950,final-round,1950-07-16,Stig Sundqvist,Sundqvist,SWE,ESP,15,,0,0,1950 FIFA World Cup final round
1950,final-round,1950-07-16,Bror Mellberg,Mellberg,SWE,ESP,33,,0,0,1950 FIFA World Cup final round
1950,final-round,1950-07-16,Friaça,Friaça,BRA,URU,47,,0,0,Uruguay v Brazil (1950 FIFA World Cup)
1950,final-round,1950-07-16,Juan Alberto Schiaffino,Schiaffino,URU,BRA,66,,0,0,Uruguay v Brazil (1950 FIFA World Cup)
1950,final-round,1950-07-16,Ghiggia,Ghiggia,URU,BRA,79,,0,0,Uruguay v Brazil (1950 FIFA World Cup)
1950,final-round,1950-07-16,Karl-Erik Palmér,Palmér,SWE,ESP,80,,0,0,1950 FIFA World Cup final round
1950,final-round,1950-07-16,Telmo Zarra,Zarra,ESP,SWE,82,,0,0,1950 FIFA World Cup final round
1954,group,1954-06-16,Miloš Milutinović,Milutinović,YUG,FRA,15,,0,0,1954 FIFA World Cup Group 1
1954,group,1954-06-16,"Baltazar (footballer, born 1926)",Baltazar,BRA,MEX,23,,0,0,1954 FIFA World Cup Group 1
1954,group,1954-06-16,"Didi (footballer, born 1928)",Didi,BRA,MEX,30,,0,0,1954 FIFA World Cup Group 1
1954,group,1954-06-16,Erich Probst,Probst,AUT,SCO,33,,0,0,1954 FIFA World Cup Group 3
1954,group,1954-06-16,"Pinga (footballer, born 1924)",Pinga,BRA,MEX,34,,0,0,1954 FIFA World Cup Group 1
1954,group,1954-06-16,"Pinga (footballer, born 1924)",Pinga,BRA,MEX,43,,0,0,1954 FIFA World Cup Group 1
1954,group,1954-06-16,"Julinho (footballer, born 1929)",Julinho,BRA,MEX,69,,0,0,1954 FIFA World Cup Group 1
1954,group,1954-06-16,Óscar Míguez,Míguez,URU,TCH,71,,0,0,1954 FIFA World Cup Group 3
1954,group,1954-06-16,Juan Alberto Schiaffino,Schiaffino,URU,TCH,84,,0,0,1954 FIFA World Cup Group 3
1954,group,1954-06-17,Suat Mamat,Mamat,TUR,FRG,2,,0,0,1954 FIFA World Cup Group 2
1954,group,1954-06-17,Léopold Anoul,Anoul,BEL,ENG,5,,0,0,1954 FIFA World Cup Group 4
1954,group,1954-06-17,Ferenc Puskás,Puskás,HUN,KOR,12,,0,0,1954 FIFA World Cup Group 2
1954,group,1954-06-17,Hans Schäfer,Schäfer,FRG,TUR,14,,0,0,1954 FIFA World Cup Group 2
1954,group,1954-06-17,Mihály Lantos,Lantos,HUN,KOR,18,,0,0,1954 FIFA World Cup Group 2
1954,group,1954-06-17,Robert Ballaman,Ballaman,SUI,ITA,18,,0,0,1954 FIFA World Cup Group 4
1954,group,1954-06-17,Sándor Kocsis,Kocsis,HUN,KOR,24,,0,0,1954 FIFA World Cup Group 2
1954,group,1954-06-17,Ivor Broadis,Broadis,ENG,BEL,26,,0,0,1954 FIFA World Cup Group 4
1954,group,1954-06-17,Nat Lofthouse,Lofthouse,ENG,BEL,36,,0,0,1954 FIFA World Cup Group 4
1954,group,1954-06-17,Sándor Kocsis,Kocsis,HUN,KOR,36,,0,0,1954 FIFA World Cup Group 2
1954,group,1954-06-17,Giampiero Boniperti,Boniperti,ITA,SUI,44,,0,0,1954 FIFA World Cup Group 4
1954,group,1954-06-17,Sándor Kocsis,Kocsis,HUN,KOR,50,,0,0,1954 FIFA World Cup Group 2
1954,group,1954-06-17,Bernhard Klodt,Klodt,FRG,TUR,52,,0,0,1954 FIFA World Cup Group 2
1954,group,1954-06-17,Zoltán Czibor,Czibor,HUN,KOR,59,,0,0,1954 FIFA World Cup Group 2
1954,group,1954-06-17,Ottmar Walter,O. Walter,FRG,TUR,60,,0,0,1954 FIFA World Cup Group 2
1954,group,1954-06-17,Ivor Broadis,Broadis,ENG,BEL,63,,0,0,1954 FIFA World Cup Group 4
1954,group,1954-06-17,Henri Coppens,Coppens,BEL,ENG,67,,0,0,1954 FIFA World Cup Group 4
1954,group,1954-06-17,Léopold Anoul,Anoul,BEL,ENG,71,,0,0,1954 FIFA World Cup Group 4
1954,group,1954-06-17,Péter Palotás,Palotás,HUN,KOR,75,,0,0,1954 FIFA World Cup Group 2
1954,group,1954-06-17,Josef Hügi,Hügi,SUI,ITA,78,,0,0,1954 FIFA World Cup Group 4
1954,group,1954-06-17,Péter Palotás,Palotás,HUN,KOR,83,,0,0,1954 FIFA World Cup Group 2
1954,group,1954-06-17,Max Morlock,Morlock,FRG,TUR,84,,0,0,1954 FIFA World Cup Group 2
1954,group,1954-06-17,Ferenc Puskás,Puskás,HUN,KOR,89,,0,0,1954 FIFA World Cup Group 2
1954,group,1954-06-17,Nat Lofthouse,Lofthouse,ENG,BEL,91,,0,0,1954 FIFA World Cup Group 4
1954,group,1954-06-17,Jimmy Dickinson,Dickinson,ENG,BEL,94,,0,1,1954 FIFA World Cup Group 4
1954,group,1954-06-19,Ernst Stojaspal,Stojaspal,AUT,TCH,3,,0,0,1954 FIFA World Cup Group 3
1954,group,1954-06-19,Erich Probst,Probst,AUT,TCH,4,,0,0,1954 FIFA World Cup Group 3
1954,group,1954-06-19,Carlos Borges,Borges,URU,SCO,17,,0,0,1954 FIFA World Cup Group 3
1954,group,1954-06-19,Jean Vincent,Vincent,FRA,MEX,19,,0,0,1954 FIFA World Cup Group 1
1954,group,1954-06-19,Erich Probst,Probst,AUT,TCH,21,,0,0,1954 FIFA World Cup Group 3
1954,group,1954-06-19,Erich Probst,Probst,AUT,TCH,24,,0,0,1954 FIFA World Cup Group 3
1954,group,1954-06-19,Óscar Míguez,Míguez,URU,SCO,30,,0,0,1954 FIFA World Cup Group 3
1954,group,1954-06-19,Raúl Cárdenas,Cárdenas,MEX,FRA,46,,0,1,1954 FIFA World Cup Group 1
1954,group,1954-06-19,Carlos Borges,Borges,URU,SCO,47,,0,0,1954 FIFA World Cup Group 3
1954,group,1954-06-19,Branko Zebec,Zebec,YUG,BRA,48,,0,0,1954 FIFA World Cup Group 1
1954,group,1954-06-19,José Luis Lamadrid,Lamadrid,MEX,FRA,54,,0,0,1954 FIFA World Cup Group 1
1954,group,1954-06-19,Julio Abbadie,Abbadie,URU,SCO,54,,0,0,1954 FIFA World Cup Group 3
1954,group,1954-06-19,Carlos Borges,Borges,URU,SCO,57,,0,0,1954 FIFA World Cup Group 3
1954,group,1954-06-19,Ernst Stojaspal,Stojaspal,AUT,TCH,65,,0,0,1954 FIFA World Cup Group 3
1954,group,1954-06-19,"Didi (footballer, born 1928)",Didi,BRA,YUG,69,,0,0,1954 FIFA World Cup Group 1
1954,group,1954-06-19,Óscar Míguez,Míguez,URU,SCO,83,,0,0,1954 FIFA World Cup Group 3
1954,group,1954-06-19,Julio Abbadie,Abbadie,URU,SCO,85,,0,0,1954 FIFA World Cup Group 3
1954,group,1954-06-19,Tomás Balcázar,Balcázar,MEX,FRA,85,,0,0,1954 FIFA World Cup Group 1
1954,group,1954-06-19,Raymond Kopa,Kopa,FRA,MEX,88,,1,0,1954 FIFA World Cup Group 1
1954,group,1954-06-20,Sándor Kocsis,Kocsis,HUN,FRG,3,,0,0,1954 FIFA World Cup Group 2
1954,group,1954-06-20,Suat Mamat,Mamat,TUR,KOR,10,,0,0,1954 FIFA World Cup Group 2
1954,group,1954-06-20,Ferenc Puskás,Puskás,HUN,FRG,17,,0,0,1954 FIFA World Cup Group 2
1954,group,1954-06-20,Sándor Kocsis,Kocsis,HUN,FRG,21,,0,0,1954 FIFA World Cup Group 2
1954,group,1954-06-20,Lefter Küçükandonyadis,Lefter,TUR,KOR,24,,0,0,1954 FIFA World Cup Group 2
1954,group,1954-06-20,Alfred Pfaff,Pfaff,FRG,HUN,25,,0,0,1954 FIFA World Cup Group 2
1954,group,1954-06-20,Suat Mamat,Mamat,TUR,KOR,30,,0,0,1954 FIFA World Cup Group 2
1954,group,1954-06-20,Burhan Sargun,Sargun,TUR,KOR,37,,0,0,1954 FIFA World Cup Group 2
1954,group,1954-06-20,Egisto Pandolfini,Pandolfini,ITA,BEL,41,,1,0,1954 FIFA World Cup Group 4
1954,group,1954-06-20,Jimmy Mullen (footballer born 1923),Mullen,ENG,SUI,43,,0,0,1954 FIFA World Cup Group 4
1954,group,1954-06-20,Carlo Galli (footballer),Galli,ITA,BEL,48,,0,0,1954 FIFA World Cup Group 4
1954,group,1954-06-20,Nándor Hidegkuti,Hidegkuti,HUN,FRG,52,,0,0,1954 FIFA World Cup Group 2
1954,group,1954-06-20,Nándor Hidegkuti,Hidegkuti,HUN,FRG,54,,0,0,1954 FIFA World Cup Group 2
1954,group,1954-06-20,Amleto Frignani,Frignani,ITA,BEL,58,,0,0,1954 FIFA World Cup Group 4
1954,group,1954-06-20,Burhan Sargun,Sargun,TUR,KOR,64,,0,0,1954 FIFA World Cup Group 2
1954,group,1954-06-20,Dennis Wilshaw,Wilshaw,ENG,SUI,69,,0,0,1954 FIFA World Cup Group 4
1954,group,1954-06-20,Sándor Kocsis,Kocsis,HUN,FRG,69,,0,0,1954 FIFA World Cup Group 2
1954,group,1954-06-20,Burhan Sargun,Sargun,TUR,KOR,70,,0,0,1954 FIFA World Cup Group 2
1954,group,1954-06-20,József Tóth (footballer born 1929),J. Tóth,HUN,FRG,75,,0,0,1954 FIFA World Cup Group 2
1954,group,1954-06-20,Erol Keskin,Keskin,TUR,KOR,76,,0,0,1954 FIFA World Cup Group 2
1954,group,1954-06-20,Helmut Rahn,Rahn,FRG,HUN,77,,0,0,1954 FIFA World Cup Group 2
1954,group,1954-06-20,Benito Lorenzi,Lorenzi,ITA,BEL,78,,0,0,1954 FIFA World Cup Group 4
1954,group,1954-06-20,Sándor Kocsis,Kocsis,HUN,FRG,78,,0,0,1954 FIFA World Cup Group 2
1954,group,1954-06-20,Léopold Anoul,Anoul,BEL,ITA,81,,0,0,1954 FIFA World Cup Group 4
1954,group,1954-06-20,Richard Herrmann,Herrmann,FRG,HUN,84,,0,0,1954 FIFA World Cup Group 2
1954,group,1954-06-23,Ottmar Walter,O. Walter,FRG,TUR,7,,0,0,1954 FIFA World Cup Group 2
1954,group,1954-06-23,Hans Schäfer,Schäfer,FRG,TUR,12,,0,0,1954 FIFA World Cup Group 2
1954,group,1954-06-23,Josef Hügi,Hügi,SUI,ITA,14,,0,0,1954 FIFA World Cup Group 4
1954,group,1954-06-23,Mustafa Ertan,Ertan,TUR,FRG,21,,0,0,1954 FIFA World Cup Group 2
1954,group,1954-06-23,Max Morlock,Morlock,FRG,TUR,30,,0,0,1954 FIFA World Cup Group 2
1954,group,1954-06-23,Robert Ballaman,Ballaman,SUI,ITA,48,,0,0,1954 FIFA World Cup Group 4
1954,group,1954-06-23,Max Morlock,Morlock,FRG,TUR,60,,0,0,1954 FIFA World Cup Group 2
1954,group,1954-06-23,Fritz Walter,F. Walter,FRG,TUR,62,,0,0,1954 FIFA World Cup Group 2
1954,group,1954-06-23,Fulvio Nesti,Nesti,ITA,SUI,67,,0,0,1954 FIFA World Cup Group 4
1954,group,1954-06-23,Max Morlock,Morlock,FRG,TUR,77,,0,0,1954 FIFA World Cup Group 2
1954,group,1954-06-23,Hans Schäfer,Schäfer,FRG,TUR,79,,0,0,1954 FIFA World Cup Group 2
1954,group,1954-06-23,Lefter Küçükandonyadis,Lefter,TUR,FRG,82,,0,0,1954 FIFA World Cup Group 2
1954,group,1954-06-23,Josef Hügi,Hügi,SUI,ITA,85,,0,0,1954 FIFA World Cup Group 4
1954,group,1954-06-23,Jacques Fatton,Fatton,SUI,ITA,90,,0,0,1954 FIFA World Cup Group 4
1954,quarter-final,1954-06-26,Carlos Borges,Borges,URU,ENG,5,,0,0,1954 FIFA World Cup knockout stage
1954,quarter-final,1954-06-26,Nat Lofthouse,Lofthouse,ENG,URU,16,,0,0,1954 FIFA World Cup knockout stage
1954,quarter-final,1954-06-26,Robert Ballaman,Ballaman,SUI,AUT,16,,0,0,Austria v Switzerland (1954 FIFA World Cup)
1954,quarter-final,1954-06-26,Josef Hügi,Hügi,SUI,AUT,17,,0,0,Austria v Switzerland (1954 FIFA World Cup)
1954,quarter-final,1954-06-26,Josef Hügi,Hügi,SUI,AUT,19,,0,0,Austria v Switzerland (1954 FIFA World Cup)
1954,quarter-final,1954-06-26,Theodor Wagner,Wagner,AUT,SUI,25,,0,0,Austria v Switzerland (1954 FIFA World Cup)
1954,quarter-final,1954-06-26,Alfred Körner,A. Körner,AUT,SUI,26,,0,0,Austria v Switzerland (1954 FIFA World Cup)
1954,quarter-final,1954-06-26,Theodor Wagner,Wagner,AUT,SUI,27,,0,0,Austria v Switzerland (1954 FIFA World Cup)
1954,quarter-final,1954-06-26,Ernst Ocwirk,Ocwirk,AUT,SUI,32,,0,0,Austria v Switzerland (1954 FIFA World Cup)
1954,quarter-final,1954-06-26,Alfred Körner,A. Körner,AUT,SUI,34,,0,0,Austria v Switzerland (1954 FIFA World Cup)
1954,quarter-final,1954-06-26,Obdulio Varela,Varela,URU,ENG,39,,0,0,1954 FIFA World Cup knockout stage
1954,quarter-final,1954-06-26,Robert Ballaman,Ballaman,SUI,AUT,39,,0,0,Austria v Switzerland (1954 FIFA World Cup)
1954,quarter-final,1954-06-26,Juan Alberto Schiaffino,Schiaffino,URU,ENG,46,,0,0,1954 FIFA World Cup knockout stage
1954,quarter-final,1954-06-26,Theodor Wagner,Wagner,AUT,SUI,53,,0,0,Austria v Switzerland (1954 FIFA World Cup)
1954,quarter-final,1954-06-26,Josef Hügi,Hügi,SUI,AUT,60,,0,0,Austria v Switzerland (1954 FIFA World Cup)
1954,quarter-final,1954-06-26,Tom Finney,Finney,ENG,URU,67,,0,0,1954 FIFA World Cup knockout stage
1954,quarter-final,1954-06-26,Erich Probst,Probst,AUT,SUI,76,,0,0,Austria v Switzerland (1954 FIFA World Cup)
1954,quarter-final,1954-06-26,Javier Ambrois,Ambrois,URU,ENG,78,,0,0,1954 FIFA World Cup knockout stage
1954,quarter-final,1954-06-27,Nándor Hidegkuti,Hidegkuti,HUN,BRA,4,,0,0,Battle of Berne (1954 FIFA World Cup)
1954,quarter-final,1954-06-27,Sándor Kocsis,Kocsis,HUN,BRA,7,,0,0,Battle of Berne (1954 FIFA World Cup)
1954,quarter-final,1954-06-27,Ivica Horvat,Horvat,YUG,FRG,9,,0,1,1954 FIFA World Cup knockout stage
1954,quarter-final,1954-06-27,Djalma Santos,Djalma Santos,BRA,HUN,18,,1,0,Battle of Berne (1954 FIFA World Cup)
1954,quarter-final,1954-06-27,Mihály Lantos,Lantos,HUN,BRA,60,,1,0,Battle of Berne (1954 FIFA World Cup)
1954,quarter-final,1954-06-27,Júlio Botelho,Julinho,BRA,HUN,65,,0,0,Battle of Berne (1954 FIFA World Cup)
1954,quarter-final,1954-06-27,Helmut Rahn,Rahn,FRG,YUG,85,,0,0,1954 FIFA World Cup knockout stage
1954,quarter-final,1954-06-27,Sándor Kocsis,Kocsis,HUN,BRA,88,,0,0,Battle of Berne (1954 FIFA World Cup)
1954,semi-final,1954-06-30,Zoltán Czibor,Czibor,HUN,URU,13,,0,0,1954 FIFA World Cup knockout stage
1954,semi-final,1954-06-30,Hans Schäfer,Schäfer,FRG,AUT,31,,0,0,1954 FIFA World Cup knockout stage
1954,semi-final,1954-06-30,Nándor Hidegkuti,Hidegkuti,HUN,URU,46,,0,0,1954 FIFA World Cup knockout stage
1954,semi-final,1954-06-30,Max Morlock,Morlock,FRG,AUT,47,,0,0,1954 FIFA World Cup knockout stage
1954,semi-final,1954-06-30,Erich Probst,Probst,AUT,FRG,51,,0,0,1954 FIFA World Cup knockout stage
1954,semi-final,1954-06-30,Fritz Walter,F. Walter,FRG,AUT,54,,1,0,1954 FIFA World Cup knockout stage
1954,semi-final,1954-06-30,Ottmar Walter,O. Walter,FRG,AUT,61,,0,0,1954 FIFA World Cup knockout stage
1954,semi-final,1954-06-30,Fritz Walter,F. Walter,FRG,AUT,64,,1,0,1954 FIFA World Cup knockout stage
1954,semi-final,1954-06-30,Juan Hohberg,Hohberg,URU,HUN,75,,0,0,1954 FIFA World Cup knockout stage
1954,semi-final,1954-06-30,Juan Hohberg,Hohberg,URU,HUN,86,,0,0,1954 FIFA World Cup knockout stage
1954,semi-final,1954-06-30,Ottmar Walter,O. Walter,FRG,AUT,89,,0,0,1954 FIFA World Cup knockout stage
1954,semi-final,1954-06-30,Sándor Kocsis,Kocsis,HUN,URU,111,,0,0,1954 FIFA World Cup knockout stage
1954,semi-final,1954-06-30,Sándor Kocsis,Kocsis,HUN,URU,116,,0,0,1954 FIFA World Cup knockout stage
1954,third-place,1954-07-03,Ernst Stojaspal,Stojaspal,AUT,URU,16,,1,0,1954 FIFA World Cup knockout stage
1954,third-place,1954-07-03,Juan Hohberg,Hohberg,URU,AUT,22,,0,0,1954 FIFA World Cup knockout stage
1954,third-place,1954-07-03,Luis Cruz (Uruguayan footballer),Cruz,URU,AUT,59,,0,1,1954 FIFA World Cup knockout stage
1954,third-place,1954-07-03,Ernst Ocwirk,Ocwirk,AUT,URU,89,,0,0,1954 FIFA World Cup knockout stage
1954,final,1954-07-04,Ferenc Puskás,Puskás,HUN,FRG,6,,0,0,1954 FIFA World Cup final
1954,final,1954-07-04,Zoltán Czibor,Czibor,HUN,FRG,8,,0,0,1954 FIFA World Cup final
1954,final,1954-07-04,Max Morlock,Morlock,FRG,HUN,10,,0,0,1954 FIFA World Cup final
1954,final,1954-07-04,Helmut Rahn,Rahn,FRG,HUN,18,,0,0,1954 FIFA World Cup final
1954,final,1954-07-04,Helmut Rahn,Rahn,FRG,HUN,84,,0,0,1954 FIFA World Cup final
1958,group,1958-06-08,Omar Oreste Corbatta,Corbatta,ARG,FRG,3,,0,0,1958 FIFA World Cup Group 1
1958,group,1958-06-08,József Bozsik,Bozsik,HUN,WAL,5,,0,0,1958 FIFA World Cup Group 3
1958,group,1958-06-08,Aleksandar Petaković,Petaković,YUG,SCO,6,,0,0,1958 FIFA World Cup Group 2
1958,group,1958-06-08,Nikita Simonyan,Simonyan,URS,ENG,13,,0,0,1958 FIFA World Cup Group 4
1958,group,1958-06-08,Agne Simonsson,Simonsson,SWE,MEX,17,,0,0,1958 FIFA World Cup Group 3
1958,group,1958-06-08,Florencio Amarilla,Amarilla,PAR,FRA,20,,0,0,1958 FIFA World Cup Group 2
1958,group,1958-06-08,Wilbur Cush,Cush,NIR,TCH,21,,0,0,1958 FIFA World Cup Group 1
1958,group,1958-06-08,Just Fontaine,Fontaine,FRA,PAR,24,,0,0,1958 FIFA World Cup Group 2
1958,group,1958-06-08,John Charles,J. Charles,WAL,HUN,27,,0,0,1958 FIFA World Cup Group 3
1958,group,1958-06-08,Just Fontaine,Fontaine,FRA,PAR,30,,0,0,1958 FIFA World Cup Group 2
1958,group,1958-06-08,Helmut Rahn,Rahn,FRG,ARG,32,,0,0,1958 FIFA World Cup Group 1
1958,group,1958-06-08,José Altafini,Altafini,BRA,AUT,37,,0,0,1958 FIFA World Cup Group 4
1958,group,1958-06-08,Uwe Seeler,Seeler,FRG,ARG,42,,0,0,1958 FIFA World Cup Group 1
1958,group,1958-06-08,Florencio Amarilla,Amarilla,PAR,FRA,44,,1,0,1958 FIFA World Cup Group 2
1958,group,1958-06-08,Jimmy Murray (footballer born 1933),Murray,SCO,YUG,49,,0,0,1958 FIFA World Cup Group 2
1958,group,1958-06-08,Jorge Lino Romero,Romero,PAR,FRA,50,,0,0,1958 FIFA World Cup Group 2
1958,group,1958-06-08,Nílton Santos,Nílton Santos,BRA,AUT,50,,0,0,1958 FIFA World Cup Group 4
1958,group,1958-06-08,Roger Piantoni,Piantoni,FRA,PAR,52,,0,0,1958 FIFA World Cup Group 2
1958,group,1958-06-08,Aleksandr Ivanov (footballer born 1928),A. Ivanov,URS,ENG,56,,0,0,1958 FIFA World Cup Group 4
1958,group,1958-06-08,Nils Liedholm,Liedholm,SWE,MEX,57,,1,0,1958 FIFA World Cup Group 3
1958,group,1958-06-08,Maryan Wisnieski,Wisnieski,FRA,PAR,61,,0,0,1958 FIFA World Cup Group 2
1958,group,1958-06-08,Agne Simonsson,Simonsson,SWE,MEX,64,,0,0,1958 FIFA World Cup Group 3
1958,group,1958-06-08,Derek Kevan,Kevan,ENG,URS,66,,0,0,1958 FIFA World Cup Group 4
1958,group,1958-06-08,Just Fontaine,Fontaine,FRA,PAR,67,,0,0,1958 FIFA World Cup Group 2
1958,group,1958-06-08,Raymond Kopa,Kopa,FRA,PAR,70,,0,0,1958 FIFA World Cup Group 2
1958,group,1958-06-08,Helmut Rahn,Rahn,FRG,ARG,79,,0,0,1958 FIFA World Cup Group 1
1958,group,1958-06-08,Jean Vincent,Vincent,FRA,PAR,83,,0,0,1958 FIFA World Cup Group 2
1958,group,1958-06-08,José Altafini,Altafini,BRA,AUT,85,,0,0,1958 FIFA World Cup Group 4
1958,group,1958-06-08,Tom Finney,Finney,ENG,URS,85,,1,0,1958 FIFA World Cup Group 4
1958,group,1958-06-11,Juan Bautista Agüero,Agüero,PAR,SCO,4,,0,0,1958 FIFA World Cup Group 2
1958,group,1958-06-11,Just Fontaine,Fontaine,FRA,YUG,4,,0,0,1958 FIFA World Cup Group 2
1958,group,1958-06-11,Peter McParland,McParland,NIR,ARG,4,,0,0,1958 FIFA World Cup Group 1
1958,group,1958-06-11,Anatoli Ilyin,Ilyin,URS,AUT,15,,0,0,1958 FIFA World Cup Group 4
1958,group,1958-06-11,Aleksandar Petaković,Petaković,YUG,FRA,16,,0,0,1958 FIFA World Cup Group 2
1958,group,1958-06-11,Jackie Mudie,Mudie,SCO,PAR,24,,0,0,1958 FIFA World Cup Group 2
1958,group,1958-06-11,Milan Dvořák,Dvořák,TCH,FRG,24,,1,0,1958 FIFA World Cup Group 1
1958,group,1958-06-11,Ivor Allchurch,I. Allchurch,WAL,MEX,32,,0,0,1958 FIFA World Cup Group 3
1958,group,1958-06-11,Omar Oreste Corbatta,Corbatta,ARG,NIR,37,,1,0,1958 FIFA World Cup Group 1
1958,group,1958-06-11,Zdeněk Zikán,Zikán,TCH,FRG,42,,0,0,1958 FIFA World Cup Group 1
1958,group,1958-06-11,Cayetano Ré,Ré,PAR,SCO,45,,0,0,1958 FIFA World Cup Group 2
1958,group,1958-06-11,Norberto Menéndez,Menéndez,ARG,NIR,56,,0,0,1958 FIFA World Cup Group 1
1958,group,1958-06-11,Hans Schäfer,Schäfer,FRG,TCH,60,,0,0,1958 FIFA World Cup Group 1
1958,group,1958-06-11,Ludovico Avio,Avio,ARG,NIR,60,,0,0,1958 FIFA World Cup Group 1
1958,group,1958-06-11,Valentin Kozmich Ivanov,V. Ivanov,URS,AUT,62,,0,0,1958 FIFA World Cup Group 4
1958,group,1958-06-11,Todor Veselinović,Veselinović,YUG,FRA,63,,0,0,1958 FIFA World Cup Group 2
1958,group,1958-06-11,Helmut Rahn,Rahn,FRG,TCH,71,,0,0,1958 FIFA World Cup Group 1
1958,group,1958-06-11,José Parodi,Parodi,PAR,SCO,73,,0,0,1958 FIFA World Cup Group 2
1958,group,1958-06-11,Bobby Collins (footballer),Collins,SCO,PAR,74,,0,0,1958 FIFA World Cup Group 2
1958,group,1958-06-11,Just Fontaine,Fontaine,FRA,YUG,85,,0,0,1958 FIFA World Cup Group 2
1958,group,1958-06-11,Todor Veselinović,Veselinović,YUG,FRA,88,,0,0,1958 FIFA World Cup Group 2
1958,group,1958-06-11,Jaime Belmonte,Belmonte,MEX,WAL,89,,0,0,1958 FIFA World Cup Group 3
1958,group,1958-06-12,Kurt Hamrin,Hamrin,SWE,HUN,34,,0,0,1958 FIFA World Cup Group 3
1958,group,1958-06-12,Kurt Hamrin,Hamrin,SWE,HUN,55,,0,0,1958 FIFA World Cup Group 3
1958,group,1958-06-12,Lajos Tichy,Tichy,HUN,SWE,77,,0,0,1958 FIFA World Cup Group 3
1958,group,1958-06-15,Vavá,Vavá,BRA,URS,3,,0,0,1958 FIFA World Cup Group 4
1958,group,1958-06-15,Milan Dvořák,Dvořák,TCH,ARG,8,,0,0,Disaster of Sweden
1958,group,1958-06-15,Karl Koller (footballer),Koller,AUT,ENG,15,,0,0,1958 FIFA World Cup Group 4
1958,group,1958-06-15,Zdeněk Zikán,Zikán,TCH,ARG,17,,0,0,Disaster of Sweden
1958,group,1958-06-15,Peter McParland,McParland,NIR,FRG,18,,0,0,1958 FIFA World Cup Group 1
1958,group,1958-06-15,Radivoje Ognjanović,Ognjanović,YUG,PAR,18,,0,0,1958 FIFA World Cup Group 2
1958,group,1958-06-15,Lajos Tichy,Tichy,HUN,MEX,19,,0,0,1958 FIFA World Cup Group 3
1958,group,1958-06-15,Helmut Rahn,Rahn,FRG,NIR,20,,0,0,1958 FIFA World Cup Group 1
1958,group,1958-06-15,José Parodi,Parodi,PAR,YUG,20,,0,0,1958 FIFA World Cup Group 2
1958,group,1958-06-15,Todor Veselinović,Veselinović,YUG,PAR,21,,0,0,1958 FIFA World Cup Group 2
1958,group,1958-06-15,Raymond Kopa,Kopa,FRA,SCO,22,,0,0,1958 FIFA World Cup Group 2
1958,group,1958-06-15,Zdeněk Zikán,Zikán,TCH,ARG,40,,0,0,Disaster of Sweden
1958,group,1958-06-15,Just Fontaine,Fontaine,FRA,SCO,44,,0,0,1958 FIFA World Cup Group 2
1958,group,1958-06-15,Lajos Tichy,Tichy,HUN,MEX,46,,0,0,1958 FIFA World Cup Group 3
1958,group,1958-06-15,Juan Bautista Agüero,Agüero,PAR,YUG,52,,0,0,1958 FIFA World Cup Group 2
1958,group,1958-06-15,Károly Sándor,Sándor,HUN,MEX,54,,0,0,1958 FIFA World Cup Group 3
1958,group,1958-06-15,Johnny Haynes,Haynes,ENG,AUT,56,,0,0,1958 FIFA World Cup Group 4
1958,group,1958-06-15,Sammy Baird,Baird,SCO,FRA,58,,0,0,1958 FIFA World Cup Group 2
1958,group,1958-06-15,Peter McParland,McParland,NIR,FRG,60,,0,0,1958 FIFA World Cup Group 1
1958,group,1958-06-15,Omar Oreste Corbatta,Corbatta,ARG,TCH,65,,1,0,Disaster of Sweden
1958,group,1958-06-15,Jiří Feureisl,Feureisl,TCH,ARG,69,,0,0,Disaster of Sweden
1958,group,1958-06-15,József Bencsics,Bencsics,HUN,MEX,69,,0,0,1958 FIFA World Cup Group 3
1958,group,1958-06-15,Alfred Körner,Körner,AUT,ENG,71,,0,0,1958 FIFA World Cup Group 4
1958,group,1958-06-15,Zdravko Rajkov,Rajkov,YUG,PAR,73,,0,0,1958 FIFA World Cup Group 2
1958,group,1958-06-15,Derek Kevan,Kevan,ENG,AUT,74,,0,0,1958 FIFA World Cup Group 4
1958,group,1958-06-15,Vavá,Vavá,BRA,URS,77,,0,0,1958 FIFA World Cup Group 4
1958,group,1958-06-15,Uwe Seeler,Seeler,FRG,NIR,78,,0,0,1958 FIFA World Cup Group 1
1958,group,1958-06-15,Jorge Lino Romero,Romero,PAR,YUG,80,,0,0,1958 FIFA World Cup Group 2
1958,group,1958-06-15,Václav Hovorka,Hovorka,TCH,ARG,82,,0,0,Disaster of Sweden
1958,group,1958-06-15,Václav Hovorka,Hovorka,TCH,ARG,89,,0,0,Disaster of Sweden
1958,group,1958-06-17,Zdeněk Zikán,Zikán,TCH,NIR,18,,0,0,1958 FIFA World Cup Group 1
1958,group,1958-06-17,Lajos Tichy,Tichy,HUN,WAL,33,,0,0,1958 FIFA World Cup Group 3
1958,group,1958-06-17,Peter McParland,McParland,NIR,TCH,44,,0,0,1958 FIFA World Cup Group 1
1958,group,1958-06-17,Ivor Allchurch,I. Allchurch,WAL,HUN,55,,0,0,1958 FIFA World Cup Group 3
1958,group,1958-06-17,Anatoli Ilyin,Ilyin,URS,ENG,69,,0,0,1958 FIFA World Cup Group 4
1958,group,1958-06-17,Terry Medwin,Medwin,WAL,HUN,76,,0,0,1958 FIFA World Cup Group 3
1958,group,1958-06-17,Peter McParland,McParland,NIR,TCH,97,,0,0,1958 FIFA World Cup Group 1
1958,quarter-final,1958-06-19,Helmut Rahn,Rahn,FRG,YUG,12,,0,0,1958 FIFA World Cup knockout stage
1958,quarter-final,1958-06-19,Maryan Wisnieski,Wisnieski,FRA,NIR,44,,0,0,1958 FIFA World Cup knockout stage
1958,quarter-final,1958-06-19,Kurt Hamrin,Hamrin,SWE,URS,49,,0,0,1958 FIFA World Cup knockout stage
1958,quarter-final,1958-06-19,Just Fontaine,Fontaine,FRA,NIR,55,,0,0,1958 FIFA World Cup knockout stage
1958,quarter-final,1958-06-19,Just Fontaine,Fontaine,FRA,NIR,63,,0,0,1958 FIFA World Cup knockout stage
1958,quarter-final,1958-06-19,Pelé,Pelé,BRA,WAL,66,,0,0,1958 FIFA World Cup knockout stage
1958,quarter-final,1958-06-19,Roger Piantoni,Piantoni,FRA,NIR,68,,0,0,1958 FIFA World Cup knockout stage
1958,quarter-final,1958-06-19,Agne Simonsson,Simonsson,SWE,URS,88,,0,0,1958 FIFA World Cup knockout stage
1958,semi-final,1958-06-24,Vavá,Vavá,BRA,FRA,2,,0,0,1958 FIFA World Cup knockout stage
1958,semi-final,1958-06-24,Just Fontaine,Fontaine,FRA,BRA,9,,0,0,1958 FIFA World Cup knockout stage
1958,semi-final,1958-06-24,Hans Schäfer,Schäfer,FRG,SWE,24,,0,0,1958 FIFA World Cup knockout stage
1958,semi-final,1958-06-24,Lennart Skoglund,Skoglund,SWE,FRG,32,,0,0,1958 FIFA World Cup knockout stage
1958,semi-final,1958-06-24,"Didi (footballer, born 1928)",Didi,BRA,FRA,39,,0,0,1958 FIFA World Cup knockout stage
1958,semi-final,1958-06-24,Pelé,Pelé,BRA,FRA,52,,0,0,1958 FIFA World Cup knockout stage
1958,semi-final,1958-06-24,Pelé,Pelé,BRA,FRA,64,,0,0,1958 FIFA World Cup knockout stage
1958,semi-final,1958-06-24,Pelé,Pelé,BRA,FRA,75,,0,0,1958 FIFA World Cup knockout stage
1958,semi-final,1958-06-24,Gunnar Gren,Gren,SWE,FRG,81,,0,0,1958 FIFA World Cup knockout stage
1958,semi-final,1958-06-24,Roger Piantoni,Piantoni,FRA,BRA,83,,0,0,1958 FIFA World Cup knockout stage
1958,semi-final,1958-06-24,Kurt Hamrin,Hamrin,SWE,FRG,88,,0,0,1958 FIFA World Cup knockout stage
1958,third-place,1958-06-28,Just Fontaine,Fontaine,FRA,FRG,16,,0,0,1958 FIFA World Cup knockout stage
1958,third-place,1958-06-28,Hans Cieslarczyk,Cieslarczyk,FRG,FRA,18,,0,0,1958 FIFA World Cup knockout stage
1958,third-place,1958-06-28,Raymond Kopa,Kopa,FRA,FRG,27,,1,0,1958 FIFA World Cup knockout stage
1958,third-place,1958-06-28,Just Fontaine,Fontaine,FRA,FRG,36,,0,0,1958 FIFA World Cup knockout stage
1958,third-place,1958-06-28,Yvon Douis,Douis,FRA,FRG,50,,0,0,1958 FIFA World Cup knockout stage
1958,third-place,1958-06-28,Helmut Rahn,Rahn,FRG,FRA,52,,0,0,1958 FIFA World Cup knockout stage
1958,third-place,1958-06-28,Just Fontaine,Fontaine,FRA,FRG,78,,0,0,1958 FIFA World Cup knockout stage
1958,third-place,1958-06-28,Hans Schäfer,Schäfer,FRG,FRA,84,,0,0,1958 FIFA World Cup knockout stage
1958,third-place,1958-06-28,Just Fontaine,Fontaine,FRA,FRG,89,,0,0,1958 FIFA World Cup knockout stage
1958,final,1958-06-29,Nils Liedholm,Liedholm,SWE,BRA,4,,0,0,1958 FIFA World Cup final
1958,final,1958-06-29,Vavá,Vavá,BRA,SWE,9,,0,0,1958 FIFA World Cup final
1958,final,1958-06-29,Vavá,Vavá,BRA,SWE,32,,0,0,1958 FIFA World Cup final
1958,final,1958-06-29,Pelé,Pelé,BRA,SWE,55,,0,0,1958 FIFA World Cup final
1958,final,1958-06-29,Mário Zagallo,Zagallo,BRA,SWE,68,,0,0,1958 FIFA World Cup final
1958,final,1958-06-29,Agne Simonsson,Simonsson,SWE,BRA,80,,0,0,1958 FIFA World Cup final
1958,final,1958-06-29,Pelé,Pelé,BRA,SWE,90,,0,0,1958 FIFA World Cup final
1962,group,1962-05-30,Héctor Facundo,Facundo,ARG,BUL,4,,0,0,1962 FIFA World Cup Group 4
1962,group,1962-05-30,Rolf Wüthrich,Wüthrich,SUI,CHI,6,,0,0,1962 FIFA World Cup Group 2
1962,group,1962-05-30,Francisco Zuluaga,Zuluaga,COL,URU,19,,1,0,1962 FIFA World Cup Group 1
1962,group,1962-05-30,Leonel Sanchez,L. Sánchez,CHI,SUI,44,,0,0,1962 FIFA World Cup Group 2
1962,group,1962-05-30,"Jaime Ramírez (footballer, born 1931)",Ramírez,CHI,SUI,51,,0,0,1962 FIFA World Cup Group 2
1962,group,1962-05-30,Leonel Sanchez,L. Sánchez,CHI,SUI,55,,0,0,1962 FIFA World Cup Group 2
1962,group,1962-05-30,Luis Cubilla,Cubilla,URU,COL,56,,0,0,1962 FIFA World Cup Group 1
1962,group,1962-05-30,Mário Zagallo,Zagallo,BRA,MEX,56,,0,0,1962 FIFA World Cup Group 3
1962,group,1962-05-30,Pelé,Pelé,BRA,MEX,73,,0,0,1962 FIFA World Cup Group 3
1962,group,1962-05-30,José Sasía,Sasía,URU,COL,75,,0,0,1962 FIFA World Cup Group 1
1962,group,1962-05-31,Lajos Tichy,Tichy,HUN,ENG,17,,0,0,1962 FIFA World Cup Group 4
1962,group,1962-05-31,Valentin Kozmich Ivanov,Ivanov,URS,YUG,51,,0,0,1962 FIFA World Cup Group 1
1962,group,1962-05-31,Ron Flowers,Flowers,ENG,HUN,60,,1,0,1962 FIFA World Cup Group 4
1962,group,1962-05-31,Flórián Albert,Albert,HUN,ENG,71,,0,0,1962 FIFA World Cup Group 4
1962,group,1962-05-31,Jozef Štibrányi,Štibrányi,TCH,ESP,80,,0,0,1962 FIFA World Cup Group 3
1962,group,1962-05-31,Viktor Ponedelnik,Ponedelnik,URS,YUG,83,,0,0,1962 FIFA World Cup Group 1
1962,group,1962-06-02,Ron Flowers,Flowers,ENG,ARG,17,,1,0,1962 FIFA World Cup Group 4
1962,group,1962-06-02,Ángel Cabrera (footballer),Cabrera,URU,YUG,19,,0,0,1962 FIFA World Cup Group 1
1962,group,1962-06-02,Josip Skoblar,Skoblar,YUG,URU,25,,1,0,1962 FIFA World Cup Group 1
1962,group,1962-06-02,Milan Galić,Galić,YUG,URU,29,,0,0,1962 FIFA World Cup Group 1
1962,group,1962-06-02,Bobby Charlton,Charlton,ENG,ARG,42,,0,0,1962 FIFA World Cup Group 4
1962,group,1962-06-02,Dražan Jerković,Jerković,YUG,URU,49,,0,0,1962 FIFA World Cup Group 1
1962,group,1962-06-02,Jimmy Greaves,Greaves,ENG,ARG,67,,0,0,1962 FIFA World Cup Group 4
1962,group,1962-06-02,"Jaime Ramírez (footballer, born 1931)",Ramírez,CHI,ITA,73,,0,0,Battle of Santiago (1962 FIFA World Cup)
1962,group,1962-06-02,José Sanfilippo,Sanfilippo,ARG,ENG,81,,0,0,1962 FIFA World Cup Group 4
1962,group,1962-06-02,Jorge Toro,Toro,CHI,ITA,87,,0,0,Battle of Santiago (1962 FIFA World Cup)
1962,group,1962-06-03,Flórián Albert,Albert,HUN,BUL,1,,0,0,1962 FIFA World Cup Group 4
1962,group,1962-06-03,Flórián Albert,Albert,HUN,BUL,6,,0,0,1962 FIFA World Cup Group 4
1962,group,1962-06-03,Lajos Tichy,Tichy,HUN,BUL,8,,0,0,1962 FIFA World Cup Group 4
1962,group,1962-06-03,Valentin Kozmich Ivanov,Ivanov,URS,COL,8,,0,0,1962 FIFA World Cup Group 1
1962,group,1962-06-03,Igor Chislenko,Chislenko,URS,COL,10,,0,0,1962 FIFA World Cup Group 1
1962,group,1962-06-03,Valentin Kozmich Ivanov,Ivanov,URS,COL,11,,0,0,1962 FIFA World Cup Group 1
1962,group,1962-06-03,Ernő Solymosi,Solymosi,HUN,BUL,12,,0,0,1962 FIFA World Cup Group 4
1962,group,1962-06-03,Germán Aceros,Aceros,COL,URS,21,,0,0,1962 FIFA World Cup Group 1
1962,group,1962-06-03,Albert Brülls,Brülls,FRG,SUI,45,,0,0,1962 FIFA World Cup Group 2
1962,group,1962-06-03,Flórián Albert,Albert,HUN,BUL,53,,0,0,1962 FIFA World Cup Group 4
1962,group,1962-06-03,Viktor Ponedelnik,Ponedelnik,URS,COL,56,,0,0,1962 FIFA World Cup Group 1
1962,group,1962-06-03,Uwe Seeler,Seeler,FRG,SUI,59,,0,0,1962 FIFA World Cup Group 2
1962,group,1962-06-03,Georgi Sokolov,Sokolov,BUL,HUN,64,,0,0,1962 FIFA World Cup Group 4
1962,group,1962-06-03,Marcos Coll,Coll,COL,URS,68,,0,0,1962 FIFA World Cup Group 1
1962,group,1962-06-03,Lajos Tichy,Tichy,HUN,BUL,70,,0,0,1962 FIFA World Cup Group 4
1962,group,1962-06-03,Antonio Rada,Rada,COL,URS,72,,0,0,1962 FIFA World Cup Group 1
1962,group,1962-06-03,Heinz Schneiter,Schneiter,SUI,FRG,73,,0,0,1962 FIFA World Cup Group 2
1962,group,1962-06-03,Marino Klinger,Klinger,COL,URS,86,,0,0,1962 FIFA World Cup Group 1
1962,group,1962-06-03,Joaquín Peiró,Peiró,ESP,MEX,90,,0,0,1962 FIFA World Cup Group 3
1962,group,1962-06-06,Horst Szymaniak,Szymaniak,FRG,CHI,21,,1,0,1962 FIFA World Cup Group 2
1962,group,1962-06-06,Adelardo Rodríguez,Adelardo,ESP,BRA,35,,0,0,1962 FIFA World Cup Group 3
1962,group,1962-06-06,Aleksei Mamykin,Mamykin,URS,URU,38,,0,0,1962 FIFA World Cup Group 1
1962,group,1962-06-06,José Sasía,Sasía,URU,URS,54,,0,0,1962 FIFA World Cup Group 1
1962,group,1962-06-06,Amarildo Tavares da Silveira,Amarildo,BRA,ESP,72,,0,0,1962 FIFA World Cup Group 3
1962,group,1962-06-06,Uwe Seeler,Seeler,FRG,CHI,82,,0,0,1962 FIFA World Cup Group 2
1962,group,1962-06-06,Amarildo Tavares da Silveira,Amarildo,BRA,ESP,86,,0,0,1962 FIFA World Cup Group 3
1962,group,1962-06-06,Valentin Kozmich Ivanov,Ivanov,URS,URU,89,,0,0,1962 FIFA World Cup Group 1
1962,group,1962-06-07,Václav Mašek,Mašek,TCH,MEX,1,,0,0,1962 FIFA World Cup Group 3
1962,group,1962-06-07,Bruno Mora,Mora,ITA,SUI,2,,0,0,1962 FIFA World Cup Group 2
1962,group,1962-06-07,Isidoro Díaz,Díaz,MEX,TCH,12,,0,0,1962 FIFA World Cup Group 3
1962,group,1962-06-07,Milan Galić,Galić,YUG,COL,20,,0,0,1962 FIFA World Cup Group 1
1962,group,1962-06-07,Dražan Jerković,Jerković,YUG,COL,25,,0,0,1962 FIFA World Cup Group 1
1962,group,1962-06-07,Alfredo del Águila,Del Águila,MEX,TCH,29,,0,0,1962 FIFA World Cup Group 3
1962,group,1962-06-07,Milan Galić,Galić,YUG,COL,61,,0,0,1962 FIFA World Cup Group 1
1962,group,1962-06-07,Giacomo Bulgarelli,Bulgarelli,ITA,SUI,65,,0,0,1962 FIFA World Cup Group 2
1962,group,1962-06-07,Giacomo Bulgarelli,Bulgarelli,ITA,SUI,67,,0,0,1962 FIFA World Cup Group 2
1962,group,1962-06-07,Vojislav Melić,Melić,YUG,COL,82,,0,0,1962 FIFA World Cup Group 1
1962,group,1962-06-07,Dražan Jerković,Jerković,YUG,COL,87,,0,0,1962 FIFA World Cup Group 1
1962,group,1962-06-07,"Héctor Hernández (footballer, born 1935)",Hernández,MEX,TCH,90,,1,0,1962 FIFA World Cup Group 3
1962,quarter-final,1962-06-10,Leonel Sánchez,L. Sánchez,CHI,URS,11,,0,0,1962 FIFA World Cup knockout stage
1962,quarter-final,1962-06-10,Adolf Scherer,Scherer,TCH,HUN,13,,0,0,1962 FIFA World Cup knockout stage
1962,quarter-final,1962-06-10,Igor Chislenko,Chislenko,URS,CHI,26,,0,0,1962 FIFA World Cup knockout stage
1962,quarter-final,1962-06-10,"Eladio Rojas (footballer, born 1934)",Rojas,CHI,URS,29,,0,0,1962 FIFA World Cup knockout stage
1962,quarter-final,1962-06-10,Garrincha,Garrincha,BRA,ENG,31,,0,0,1962 FIFA World Cup knockout stage
1962,quarter-final,1962-06-10,Gerry Hitchens,Hitchens,ENG,BRA,38,,0,0,1962 FIFA World Cup knockout stage
1962,quarter-final,1962-06-10,Vavá,Vavá,BRA,ENG,53,,0,0,1962 FIFA World Cup knockout stage
1962,quarter-final,1962-06-10,Garrincha,Garrincha,BRA,ENG,59,,0,0,1962 FIFA World Cup knockout stage
1962,quarter-final,1962-06-10,Petar Radaković,Radaković,YUG,FRG,85,,0,0,1962 FIFA World Cup knockout stage
1962,semi-final,1962-06-13,Garrincha,Garrincha,BRA,CHI,9,,0,0,1962 FIFA World Cup knockout stage
1962,semi-final,1962-06-13,Garrincha,Garrincha,BRA,CHI,32,,0,0,1962 FIFA World Cup knockout stage
1962,semi-final,1962-06-13,Jorge Toro,Toro,CHI,BRA,42,,0,0,1962 FIFA World Cup knockout stage
1962,semi-final,1962-06-13,Vavá,Vavá,BRA,CHI,47,,0,0,1962 FIFA World Cup knockout stage
1962,semi-final,1962-06-13,Josef Kadraba,Kadraba,TCH,YUG,48,,0,0,1962 FIFA World Cup knockout stage
1962,semi-final,1962-06-13,Leonel Sánchez,L. Sánchez,CHI,BRA,61,,1,0,1962 FIFA World Cup knockout stage
1962,semi-final,1962-06-13,Dražan Jerković,Jerković,YUG,TCH,69,,0,0,1962 FIFA World Cup knockout stage
1962,semi-final,1962-06-13,Vavá,Vavá,BRA,CHI,78,,0,0,1962 FIFA World Cup knockout stage
1962,semi-final,1962-06-13,Adolf Scherer,Scherer,TCH,YUG,80,,0,0,1962 FIFA World Cup knockout stage
1962,semi-final,1962-06-13,Adolf Scherer,Scherer,TCH,YUG,84,,1,0,1962 FIFA World Cup knockout stage
1962,third-place,1962-06-16,"Eladio Rojas (footballer, born 1934)",Rojas,CHI,YUG,90,,0,0,1962 FIFA World Cup knockout stage
1962,final,1962-06-17,Josef Masopust,Masopust,TCH,BRA,15,,0,0,1962 FIFA World Cup final
1962,final,1962-06-17,Amarildo Tavares da Silveira,Amarildo,BRA,TCH,17,,0,0,1962 FIFA World Cup final
1962,final,1962-06-17,"Zito (footballer, born 1932)",Zito,BRA,TCH,69,,0,0,1962 FIFA World Cup final
1962,final,1962-06-17,Vavá,Vavá,BRA,TCH,78,,0,0,1962 FIFA World Cup final
1966,group,1966-07-12,Pelé,Pelé,BRA,BUL,15,,0,0,1966 FIFA World Cup Group 3
1966,group,1966-07-12,Sigfried Held,Held,FRG,SUI,16,,0,0,1966 FIFA World Cup Group 2
1966,group,1966-07-12,Helmut Haller,Haller,FRG,SUI,21,,0,0,1966 FIFA World Cup Group 2
1966,group,1966-07-12,Eduard Malofeyev,Malofeyev,URS,PRK,31,,0,0,1966 FIFA World Cup Group 4
1966,group,1966-07-12,Anatoliy Banishevskiy,Banishevskiy,URS,PRK,33,,0,0,1966 FIFA World Cup Group 4
1966,group,1966-07-12,Franz Beckenbauer,Beckenbauer,FRG,SUI,40,,0,0,1966 FIFA World Cup Group 2
1966,group,1966-07-12,Franz Beckenbauer,Beckenbauer,FRG,SUI,52,,0,0,1966 FIFA World Cup Group 2
1966,group,1966-07-12,Garrincha,Garrincha,BRA,BUL,63,,0,0,1966 FIFA World Cup Group 3
1966,group,1966-07-12,Helmut Haller,Haller,FRG,SUI,77,,1,0,1966 FIFA World Cup Group 2
1966,group,1966-07-12,Eduard Malofeyev,Malofeyev,URS,PRK,88,,0,0,1966 FIFA World Cup Group 4
1966,group,1966-07-13,José Augusto (footballer),José Augusto,POR,HUN,2,,0,0,1966 FIFA World Cup Group 3
1966,group,1966-07-13,Sandro Mazzola,Mazzola,ITA,CHI,8,,0,0,1966 FIFA World Cup Group 4
1966,group,1966-07-13,Enrique Borja,Borja,MEX,FRA,48,,0,0,1966 FIFA World Cup Group 1
1966,group,1966-07-13,Ferenc Bene,Bene,HUN,POR,60,,0,0,1966 FIFA World Cup Group 3
1966,group,1966-07-13,Gérard Hausser,Hausser,FRA,MEX,62,,0,0,1966 FIFA World Cup Group 1
1966,group,1966-07-13,Luis Artime,Artime,ARG,ESP,66,,0,0,1966 FIFA World Cup Group 2
1966,group,1966-07-13,José Augusto (footballer),José Augusto,POR,HUN,67,,0,0,1966 FIFA World Cup Group 3
1966,group,1966-07-13,Pirri,Pirri,ESP,ARG,72,,0,0,1966 FIFA World Cup Group 2
1966,group,1966-07-13,Luis Artime,Artime,ARG,ESP,79,,0,0,1966 FIFA World Cup Group 2
1966,group,1966-07-13,Paolo Barison,Barison,ITA,CHI,88,,0,0,1966 FIFA World Cup Group 4
1966,group,1966-07-13,"José Torres (footballer, born 1938)",Torres,POR,HUN,90,,0,0,1966 FIFA World Cup Group 3
1966,group,1966-07-15,Ferenc Bene,Bene,HUN,BRA,2,,0,0,1966 FIFA World Cup Group 3
1966,group,1966-07-15,Tostão,Tostão,BRA,HUN,14,,0,0,1966 FIFA World Cup Group 3
1966,group,1966-07-15,Héctor De Bourgoing,De Bourgoing,FRA,URU,15,,1,0,1966 FIFA World Cup Group 1
1966,group,1966-07-15,Pedro Rocha (Uruguayan footballer),Rocha,URU,FRA,26,,0,0,1966 FIFA World Cup Group 1
1966,group,1966-07-15,Rubén Marcos,Marcos,CHI,PRK,26,,1,0,1966 FIFA World Cup Group 4
1966,group,1966-07-15,Julio César Cortés,Cortés,URU,FRA,31,,0,0,1966 FIFA World Cup Group 1
1966,group,1966-07-15,René-Pierre Quentin,Quentin,SUI,ESP,31,,0,0,1966 FIFA World Cup Group 2
1966,group,1966-07-15,Manuel Sanchís,Sanchís,ESP,SUI,57,,0,0,1966 FIFA World Cup Group 2
1966,group,1966-07-15,János Farkas,Farkas,HUN,BRA,64,,0,0,1966 FIFA World Cup Group 3
1966,group,1966-07-15,Kálmán Mészöly,Mészöly,HUN,BRA,73,,1,0,1966 FIFA World Cup Group 3
1966,group,1966-07-15,Amancio Amaro,Amancio,ESP,SUI,75,,0,0,1966 FIFA World Cup Group 2
1966,group,1966-07-15,Pak Seung-zin,Pak Seung-zin,PRK,CHI,88,,0,0,1966 FIFA World Cup Group 4
1966,group,1966-07-16,Ivan Vutsov,Vutsov,BUL,POR,7,,0,1,1966 FIFA World Cup Group 3
1966,group,1966-07-16,Bobby Charlton,B. Charlton,ENG,MEX,37,,0,0,1966 FIFA World Cup Group 1
1966,group,1966-07-16,Eusébio,Eusébio,POR,BUL,38,,0,0,1966 FIFA World Cup Group 3
1966,group,1966-07-16,Igor Chislenko,Chislenko,URS,ITA,57,,0,0,1966 FIFA World Cup Group 4
1966,group,1966-07-16,Roger Hunt,Hunt,ENG,MEX,75,,0,0,1966 FIFA World Cup Group 1
1966,group,1966-07-16,"José Torres (footballer, born 1938)",Torres,POR,BUL,81,,0,0,1966 FIFA World Cup Group 3
1966,group,1966-07-19,António Simões,Simões,POR,BRA,15,,0,0,1966 FIFA World Cup Group 3
1966,group,1966-07-19,Eusébio,Eusébio,POR,BRA,27,,0,0,1966 FIFA World Cup Group 3
1966,group,1966-07-19,Pak Doo-ik,Pak Doo-ik,PRK,ITA,42,,0,0,1966 FIFA World Cup Group 4
1966,group,1966-07-19,Luis Artime,Artime,ARG,SUI,52,,0,0,1966 FIFA World Cup Group 2
1966,group,1966-07-19,"Rildo (footballer, born 1942)",Rildo,BRA,POR,73,,0,0,1966 FIFA World Cup Group 3
1966,group,1966-07-19,Ermindo Onega,Onega,ARG,SUI,79,,0,0,1966 FIFA World Cup Group 2
1966,group,1966-07-19,Eusébio,Eusébio,POR,BRA,85,,0,0,1966 FIFA World Cup Group 3
1966,group,1966-07-20,Georgi Asparuhov,Asparuhov,BUL,HUN,15,,0,0,1966 FIFA World Cup Group 3
1966,group,1966-07-20,Josep Maria Fusté,Fusté,ESP,FRG,23,,0,0,1966 FIFA World Cup Group 2
1966,group,1966-07-20,Valeriy Porkujan,Porkuyan,URS,CHI,28,,0,0,1966 FIFA World Cup Group 4
1966,group,1966-07-20,Rubén Marcos,Marcos,CHI,URS,32,,0,0,1966 FIFA World Cup Group 4
1966,group,1966-07-20,Roger Hunt,Hunt,ENG,FRA,38,,0,0,1966 FIFA World Cup Group 1
1966,group,1966-07-20,Lothar Emmerich,Emmerich,FRG,ESP,39,,0,0,1966 FIFA World Cup Group 2
1966,group,1966-07-20,Ivan Davidov,Davidov,BUL,HUN,43,,0,1,1966 FIFA World Cup Group 3
1966,group,1966-07-20,Kálmán Mészöly,Mészöly,HUN,BUL,45,,0,0,1966 FIFA World Cup Group 3
1966,group,1966-07-20,Ferenc Bene,Bene,HUN,BUL,54,,0,0,1966 FIFA World Cup Group 3
1966,group,1966-07-20,Roger Hunt,Hunt,ENG,FRA,75,,0,0,1966 FIFA World Cup Group 1
1966,group,1966-07-20,Uwe Seeler,Seeler,FRG,ESP,84,,0,0,1966 FIFA World Cup Group 2
1966,group,1966-07-20,Valeriy Porkujan,Porkuyan,URS,CHI,85,,0,0,1966 FIFA World Cup Group 4
1966,quarter-final,1966-07-23,Pak Seung-zin,Pak Seung-zin,PRK,POR,1,,0,0,1966 FIFA World Cup knockout stage
1966,quarter-final,1966-07-23,Igor Chislenko,Chislenko,URS,HUN,5,,0,0,1966 FIFA World Cup knockout stage
1966,quarter-final,1966-07-23,Helmut Haller,Haller,FRG,URU,11,,0,0,1966 FIFA World Cup knockout stage
1966,quarter-final,1966-07-23,Li Dong-woon,Li Dong-woon,PRK,POR,22,,0,0,1966 FIFA World Cup knockout stage
1966,quarter-final,1966-07-23,Yang Seung-kook,Yang Seung-kook,PRK,POR,25,,0,0,1966 FIFA World Cup knockout stage
1966,quarter-final,1966-07-23,Eusébio,Eusébio,POR,PRK,27,,0,0,1966 FIFA World Cup knockout stage
1966,quarter-final,1966-07-23,Eusébio,Eusébio,POR,PRK,43,,1,0,1966 FIFA World Cup knockout stage
1966,quarter-final,1966-07-23,Valeriy Porkujan,Porkuyan,URS,HUN,46,,0,0,1966 FIFA World Cup knockout stage
1966,quarter-final,1966-07-23,Eusébio,Eusébio,POR,PRK,56,,0,0,1966 FIFA World Cup knockout stage
1966,quarter-final,1966-07-23,Ferenc Bene,Bene,HUN,URS,57,,0,0,1966 FIFA World Cup knockout stage
1966,quarter-final,1966-07-23,Eusébio,Eusébio,POR,PRK,59,,1,0,1966 FIFA World Cup knockout stage
1966,quarter-final,1966-07-23,Franz Beckenbauer,Beckenbauer,FRG,URU,70,,0,0,1966 FIFA World Cup knockout stage
1966,quarter-final,1966-07-23,Uwe Seeler,Seeler,FRG,URU,75,,0,0,1966 FIFA World Cup knockout stage
1966,quarter-final,1966-07-23,Geoff Hurst,Hurst,ENG,ARG,78,,0,0,1966 FIFA World Cup knockout stage
1966,quarter-final,1966-07-23,José Augusto (footballer),José Augusto,POR,PRK,80,,0,0,1966 FIFA World Cup knockout stage
1966,quarter-final,1966-07-23,Helmut Haller,Haller,FRG,URU,83,,0,0,1966 FIFA World Cup knockout stage
1966,semi-final,1966-07-25,Helmut Haller,Haller,FRG,URS,43,,0,0,1966 FIFA World Cup knockout stage
1966,semi-final,1966-07-25,Franz Beckenbauer,Beckenbauer,FRG,URS,67,,0,0,1966 FIFA World Cup knockout stage
1966,semi-final,1966-07-25,Valeriy Porkujan,Porkuyan,URS,FRG,88,,0,0,1966 FIFA World Cup knockout stage
1966,semi-final,1966-07-26,Bobby Charlton,B. Charlton,ENG,POR,30,,0,0,1966 FIFA World Cup knockout stage
1966,semi-final,1966-07-26,Bobby Charlton,B. Charlton,ENG,POR,80,,0,0,1966 FIFA World Cup knockout stage
1966,semi-final,1966-07-26,Eusébio,Eusébio,POR,ENG,82,,1,0,1966 FIFA World Cup knockout stage
1966,third-place,1966-07-28,Eusébio,Eusébio,POR,URS,12,,1,0,1966 FIFA World Cup knockout stage
1966,third-place,1966-07-28,Eduard Malofeyev,Malofeyev,URS,POR,43,,0,0,1966 FIFA World Cup knockout stage
1966,third-place,1966-07-28,José Augusto Torres,Torres,POR,URS,89,,0,0,1966 FIFA World Cup knockout stage
1966,final,1966-07-30,Helmut Haller,Haller,FRG,ENG,12,,0,0,1966 FIFA World Cup final
1966,final,1966-07-30,Geoff Hurst,Hurst,ENG,FRG,18,,0,0,1966 FIFA World Cup final
1966,final,1966-07-30,Martin Peters,Peters,ENG,FRG,78,,0,0,1966 FIFA World Cup final
1966,final,1966-07-30,Wolfgang Weber,Weber,FRG,ENG,89,,0,0,1966 FIFA World Cup final
1966,final,1966-07-30,Geoff Hurst,Hurst,ENG,FRG,101,,0,0,1966 FIFA World Cup final
1966,final,1966-07-30,Geoff Hurst,Hurst,ENG,FRG,120,,0,0,1966 FIFA World Cup final
1970,group,1970-06-02,Dinko Dermendzhiev,Dermendzhiev,BUL,PER,13,,0,0,1970 FIFA World Cup Group 4
1970,group,1970-06-02,Ildo Maneiro,Maneiro,URU,ISR,23,,0,0,1970 FIFA World Cup Group 2
1970,group,1970-06-02,Hristo Bonev,Bonev,BUL,PER,49,,0,0,1970 FIFA World Cup Group 4
1970,group,1970-06-02,Alberto Gallardo,Gallardo,PER,BUL,50,,0,0,1970 FIFA World Cup Group 4
1970,group,1970-06-02,Juan Mujica,Mujica,URU,ISR,50,,0,0,1970 FIFA World Cup Group 2
1970,group,1970-06-02,Héctor Chumpitaz,Chumpitaz,PER,BUL,55,,0,0,1970 FIFA World Cup Group 4
1970,group,1970-06-02,Geoff Hurst,Hurst,ENG,ROU,65,,0,0,1970 FIFA World Cup Group 3
1970,group,1970-06-02,Teófilo Cubillas,Cubillas,PER,BUL,73,,0,0,1970 FIFA World Cup Group 4
1970,group,1970-06-03,Angelo Domenghini,Domenghini,ITA,SWE,10,,0,0,1970 FIFA World Cup Group 2
1970,group,1970-06-03,Ladislav Petráš,Petráš,TCH,BRA,11,,0,0,1970 FIFA World Cup Group 3
1970,group,1970-06-03,Wilfried Van Moer,Van Moer,BEL,SLV,12,,0,0,1970 FIFA World Cup Group 1
1970,group,1970-06-03,Houmane Jarir,Jarir,MAR,FRG,21,,0,0,1970 FIFA World Cup Group 4
1970,group,1970-06-03,Rivellino,Rivellino,BRA,TCH,24,,0,0,1970 FIFA World Cup Group 3
1970,group,1970-06-03,Wilfried Van Moer,Van Moer,BEL,SLV,54,,0,0,1970 FIFA World Cup Group 1
1970,group,1970-06-03,Uwe Seeler,Seeler,FRG,MAR,56,,0,0,1970 FIFA World Cup Group 4
1970,group,1970-06-03,Pelé,Pelé,BRA,TCH,59,,0,0,1970 FIFA World Cup Group 3
1970,group,1970-06-03,Jairzinho,Jairzinho,BRA,TCH,61,,0,0,1970 FIFA World Cup Group 3
1970,group,1970-06-03,Raoul Lambert,Lambert,BEL,SLV,79,,1,0,1970 FIFA World Cup Group 1
1970,group,1970-06-03,Gerd Müller,Müller,FRG,MAR,80,,0,0,1970 FIFA World Cup Group 4
1970,group,1970-06-03,Jairzinho,Jairzinho,BRA,TCH,83,,0,0,1970 FIFA World Cup Group 3
1970,group,1970-06-06,Ladislav Petráš,Petráš,TCH,ROU,5,,0,0,1970 FIFA World Cup Group 3
1970,group,1970-06-06,Anatoliy Byshovets,Byshovets,URS,BEL,14,,0,0,1970 FIFA World Cup Group 1
1970,group,1970-06-06,Alexandru Neagu,Neagu,ROU,TCH,52,,0,0,1970 FIFA World Cup Group 3
1970,group,1970-06-06,Kakhi Asatiani,Asatiani,URS,BEL,57,,0,0,1970 FIFA World Cup Group 1
1970,group,1970-06-06,Anatoliy Byshovets,Byshovets,URS,BEL,63,,0,0,1970 FIFA World Cup Group 1
1970,group,1970-06-06,Teófilo Cubillas,Cubillas,PER,MAR,65,,0,0,1970 FIFA World Cup Group 4
1970,group,1970-06-06,Roberto Challe,Challe,PER,MAR,67,,0,0,1970 FIFA World Cup Group 4
1970,group,1970-06-06,Florea Dumitrache,Dumitrache,ROU,TCH,75,,1,0,1970 FIFA World Cup Group 3
1970,group,1970-06-06,Teófilo Cubillas,Cubillas,PER,MAR,75,,0,0,1970 FIFA World Cup Group 4
1970,group,1970-06-06,Vitaliy Khmelnytskyi,Khmelnytskyi,URS,BEL,76,,0,0,1970 FIFA World Cup Group 1
1970,group,1970-06-06,Raoul Lambert,Lambert,BEL,URS,86,,0,0,1970 FIFA World Cup Group 1
1970,group,1970-06-07,Asparuh Nikodimov,Nikodimov,BUL,FRG,12,,0,0,1970 FIFA World Cup Group 4
1970,group,1970-06-07,Reinhard Libuda,Libuda,FRG,BUL,20,,0,0,1970 FIFA World Cup Group 4
1970,group,1970-06-07,Gerd Müller,Müller,FRG,BUL,27,,0,0,1970 FIFA World Cup Group 4
1970,group,1970-06-07,Javier Valdivia,Valdivia,MEX,SLV,45,,0,0,1970 FIFA World Cup Group 1
1970,group,1970-06-07,Javier Valdivia,Valdivia,MEX,SLV,46,,0,0,1970 FIFA World Cup Group 1
1970,group,1970-06-07,Gerd Müller,Müller,FRG,BUL,52,,1,0,1970 FIFA World Cup Group 4
1970,group,1970-06-07,Tom Turesson,Turesson,SWE,ISR,53,,0,0,1970 FIFA World Cup Group 2
1970,group,1970-06-07,Mordechai Spiegler,Spiegler,ISR,SWE,56,,0,0,1970 FIFA World Cup Group 2
1970,group,1970-06-07,Javier Fragoso,Fragoso,MEX,SLV,58,,0,0,1970 FIFA World Cup Group 1
1970,group,1970-06-07,Jairzinho,Jairzinho,BRA,ENG,59,,0,0,1970 FIFA World Cup Group 3
1970,group,1970-06-07,Uwe Seeler,Seeler,FRG,BUL,70,,0,0,1970 FIFA World Cup Group 4
1970,group,1970-06-07,Juan Ignacio Basaguren,Basaguren,MEX,SLV,83,,0,0,1970 FIFA World Cup Group 1
1970,group,1970-06-07,Gerd Müller,Müller,FRG,BUL,88,,0,0,1970 FIFA World Cup Group 4
1970,group,1970-06-07,"Todor Kolev (footballer, born 1942)",Kolev,BUL,FRG,89,,0,0,1970 FIFA World Cup Group 4
1970,group,1970-06-10,Gerd Müller,Müller,FRG,PER,19,,0,0,1970 FIFA World Cup Group 4
1970,group,1970-06-10,Pelé,Pelé,BRA,ROU,19,,0,0,1970 FIFA World Cup Group 3
1970,group,1970-06-10,Jairzinho,Jairzinho,BRA,ROU,22,,0,0,1970 FIFA World Cup Group 3
1970,group,1970-06-10,Gerd Müller,Müller,FRG,PER,26,,0,0,1970 FIFA World Cup Group 4
1970,group,1970-06-10,Florea Dumitrache,Dumitrache,ROU,BRA,34,,0,0,1970 FIFA World Cup Group 3
1970,group,1970-06-10,Gerd Müller,Müller,FRG,PER,39,,0,0,1970 FIFA World Cup Group 4
1970,group,1970-06-10,Teófilo Cubillas,Cubillas,PER,FRG,44,,0,0,1970 FIFA World Cup Group 4
1970,group,1970-06-10,Anatoliy Byshovets,Byshovets,URS,SLV,51,,0,0,1970 FIFA World Cup Group 1
1970,group,1970-06-10,Pelé,Pelé,BRA,ROU,67,,0,0,1970 FIFA World Cup Group 3
1970,group,1970-06-10,Anatoliy Byshovets,Byshovets,URS,SLV,74,,0,0,1970 FIFA World Cup Group 1
1970,group,1970-06-10,Emerich Dembrovschi,Dembrovschi,ROU,BRA,84,,0,0,1970 FIFA World Cup Group 3
1970,group,1970-06-10,Ove Grahn,Grahn,SWE,URU,90,,0,0,1970 FIFA World Cup Group 2
1970,group,1970-06-11,Gustavo Peña,Peña,MEX,BEL,14,,1,0,1970 FIFA World Cup Group 1
1970,group,1970-06-11,Dobromir Zhechev,Zhechev,BUL,MAR,40,,0,0,1970 FIFA World Cup Group 4
1970,group,1970-06-11,Allan Clarke (footballer),Clarke,ENG,TCH,50,,1,0,1970 FIFA World Cup Group 3
1970,group,1970-06-11,Maouhoub Ghazouani,Ghazouani,MAR,BUL,61,,0,0,1970 FIFA World Cup Group 4
1970,quarter-final,1970-06-14,Rivellino,Rivellino,BRA,PER,11,,0,0,1970 FIFA World Cup knockout stage
1970,quarter-final,1970-06-14,José Luis González Dávila,González,MEX,ITA,13,,0,0,1970 FIFA World Cup knockout stage
1970,quarter-final,1970-06-14,Tostão,Tostão,BRA,PER,15,,0,0,1970 FIFA World Cup knockout stage
1970,quarter-final,1970-06-14,Javier Guzmán,Guzmán,MEX,ITA,25,,0,1,1970 FIFA World Cup knockout stage
1970,quarter-final,1970-06-14,Alberto Gallardo,Gallardo,PER,BRA,28,,0,0,1970 FIFA World Cup knockout stage
1970,quarter-final,1970-06-14,Alan Mullery,Mullery,ENG,FRG,31,,0,0,1970 FIFA World Cup knockout stage
1970,quarter-final,1970-06-14,Martin Peters,Peters,ENG,FRG,49,,0,0,1970 FIFA World Cup knockout stage
1970,quarter-final,1970-06-14,Tostão,Tostão,BRA,PER,52,,0,0,1970 FIFA World Cup knockout stage
1970,quarter-final,1970-06-14,Gigi Riva,Riva,ITA,MEX,63,,0,0,1970 FIFA World Cup knockout stage
1970,quarter-final,1970-06-14,Franz Beckenbauer,Beckenbauer,FRG,ENG,68,,0,0,1970 FIFA World Cup knockout stage
1970,quarter-final,1970-06-14,Gianni Rivera,Rivera,ITA,MEX,70,,0,0,1970 FIFA World Cup knockout stage
1970,quarter-final,1970-06-14,Teófilo Cubillas,Cubillas,PER,BRA,70,,0,0,1970 FIFA World Cup knockout stage
1970,quarter-final,1970-06-14,Jairzinho,Jairzinho,BRA,PER,75,,0,0,1970 FIFA World Cup knockout stage
1970,quarter-final,1970-06-14,Gigi Riva,Riva,ITA,MEX,76,,0,0,1970 FIFA World Cup knockout stage
1970,quarter-final,1970-06-14,Uwe Seeler,Seeler,FRG,ENG,82,,0,0,1970 FIFA World Cup knockout stage
1970,quarter-final,1970-06-14,Gerd Müller,Müller,FRG,ENG,108,,0,0,1970 FIFA World Cup knockout stage
1970,quarter-final,1970-06-14,Víctor Espárrago,Espárrago,URU,URS,117,,0,0,1970 FIFA World Cup knockout stage
1970,semi-final,1970-06-17,Roberto Boninsegna,Boninsegna,ITA,FRG,8,,0,0,Italy v West Germany (1970 FIFA World Cup)
1970,semi-final,1970-06-17,Luis Cubilla,Cubilla,URU,BRA,19,,0,0,1970 FIFA World Cup knockout stage
1970,semi-final,1970-06-17,Clodoaldo,Clodoaldo,BRA,URU,44,,0,0,1970 FIFA World Cup knockout stage
1970,semi-final,1970-06-17,Jairzinho,Jairzinho,BRA,URU,76,,0,0,1970 FIFA World Cup knockout stage
1970,semi-final,1970-06-17,Rivellino,Rivellino,BRA,URU,89,,0,0,1970 FIFA World Cup knockout stage
1970,semi-final,1970-06-17,Karl-Heinz Schnellinger,Schnellinger,FRG,ITA,90,2,0,0,Italy v West Germany (1970 FIFA World Cup)
1970,semi-final,1970-06-17,Gerd Müller,Müller,FRG,ITA,94,,0,0,Italy v West Germany (1970 FIFA World Cup)
1970,semi-final,1970-06-17,Tarcisio Burgnich,Burgnich,ITA,FRG,98,,0,0,Italy v West Germany (1970 FIFA World Cup)
1970,semi-final,1970-06-17,Gigi Riva,Riva,ITA,FRG,104,,0,0,Italy v West Germany (1970 FIFA World Cup)
1970,semi-final,1970-06-17,Gerd Müller,Müller,FRG,ITA,110,,0,0,Italy v West Germany (1970 FIFA World Cup)
1970,semi-final,1970-06-17,Gianni Rivera,Rivera,ITA,FRG,111,,0,0,Italy v West Germany (1970 FIFA World Cup)
1970,third-place,1970-06-20,Wolfgang Overath,Overath,FRG,URU,26,,0,0,1970 FIFA World Cup knockout stage
1970,final,1970-06-21,Pelé,Pelé,BRA,ITA,18,,0,0,1970 FIFA World Cup final
1970,final,1970-06-21,Roberto Boninsegna,Boninsegna,ITA,BRA,37,,0,0,1970 FIFA World Cup final
1970,final,1970-06-21,Gérson,Gérson,BRA,ITA,66,,0,0,1970 FIFA World Cup final
1970,final,1970-06-21,Jairzinho,Jairzinho,BRA,ITA,71,,0,0,1970 FIFA World Cup final
1970,final,1970-06-21,Carlos Alberto Torres,Carlos Alberto,BRA,ITA,86,,0,0,1970 FIFA World Cup final
1974,group,1974-06-14,Paul Breitner,Breitner,FRG,CHI,18,,0,0,1974 FIFA World Cup Group 1
1974,group,1974-06-14,Peter Lorimer,Lorimer,SCO,ZAI,26,,0,0,1974 FIFA World Cup Group 2
1974,group,1974-06-14,Joe Jordan,Jordan,SCO,ZAI,34,,0,0,1974 FIFA World Cup Group 2
1974,group,1974-06-14,Colin Curran,Curran,AUS,GDR,58,,0,1,1974 FIFA World Cup Group 1
1974,group,1974-06-14,Joachim Streich,Streich,GDR,AUS,72,,0,0,1974 FIFA World Cup Group 1
1974,group,1974-06-15,Grzegorz Lato,Lato,POL,ARG,7,,0,0,1974 FIFA World Cup Group 4
1974,group,1974-06-15,Johnny Rep,Rep,NED,URU,7,,0,0,1974 FIFA World Cup Group 3
1974,group,1974-06-15,Andrzej Szarmach,Szarmach,POL,ARG,8,,0,0,1974 FIFA World Cup Group 4
1974,group,1974-06-15,Emmanuel Sanon,Sanon,HAI,ITA,46,,0,0,1974 FIFA World Cup Group 4
1974,group,1974-06-15,Gianni Rivera,Rivera,ITA,HAI,52,,0,0,1974 FIFA World Cup Group 4
1974,group,1974-06-15,Ramón Heredia,Heredia,ARG,POL,60,,0,0,1974 FIFA World Cup Group 4
1974,group,1974-06-15,Grzegorz Lato,Lato,POL,ARG,62,,0,0,1974 FIFA World Cup Group 4
1974,group,1974-06-15,Carlos Babington,Babington,ARG,POL,66,,0,0,1974 FIFA World Cup Group 4
1974,group,1974-06-15,Romeo Benetti,Benetti,ITA,HAI,66,,0,0,1974 FIFA World Cup Group 4
1974,group,1974-06-15,Pietro Anastasi,Anastasi,ITA,HAI,79,,0,0,1974 FIFA World Cup Group 4
1974,group,1974-06-15,Johnny Rep,Rep,NED,URU,86,,0,0,1974 FIFA World Cup Group 3
1974,group,1974-06-18,Dušan Bajević,Bajević,YUG,ZAI,8,,0,0,1974 FIFA World Cup Group 2
1974,group,1974-06-18,Wolfgang Overath,Overath,FRG,AUS,12,,0,0,1974 FIFA World Cup Group 1
1974,group,1974-06-18,Dragan Džajić,Džajić,YUG,ZAI,14,,0,0,1974 FIFA World Cup Group 2
1974,group,1974-06-18,Ivica Šurjak,Šurjak,YUG,ZAI,18,,0,0,1974 FIFA World Cup Group 2
1974,group,1974-06-18,Josip Katalinski,Katalinski,YUG,ZAI,22,,0,0,1974 FIFA World Cup Group 2
1974,group,1974-06-18,Dušan Bajević,Bajević,YUG,ZAI,30,,0,0,1974 FIFA World Cup Group 2
1974,group,1974-06-18,Bernhard Cullmann,Cullmann,FRG,AUS,34,,0,0,1974 FIFA World Cup Group 1
1974,group,1974-06-18,Vladislav Bogićević,Bogićević,YUG,ZAI,35,,0,0,1974 FIFA World Cup Group 2
1974,group,1974-06-18,Gerd Müller,Müller,FRG,AUS,53,,0,0,1974 FIFA World Cup Group 1
1974,group,1974-06-18,Martin Hoffmann (footballer),Hoffmann,GDR,CHI,55,,0,0,1974 FIFA World Cup Group 1
1974,group,1974-06-18,Branko Oblak,Oblak,YUG,ZAI,61,,0,0,1974 FIFA World Cup Group 2
1974,group,1974-06-18,Ilija Petković,Petković,YUG,ZAI,65,,0,0,1974 FIFA World Cup Group 2
1974,group,1974-06-18,Sergio Ahumada,Ahumada,CHI,GDR,69,,0,0,1974 FIFA World Cup Group 1
1974,group,1974-06-18,Dušan Bajević,Bajević,YUG,ZAI,81,,0,0,1974 FIFA World Cup Group 2
1974,group,1974-06-19,Grzegorz Lato,Lato,POL,HAI,17,,0,0,1974 FIFA World Cup Group 4
1974,group,1974-06-19,Kazimierz Deyna,Deyna,POL,HAI,18,,0,0,1974 FIFA World Cup Group 4
1974,group,1974-06-19,René Houseman,Houseman,ARG,ITA,20,,0,0,1974 FIFA World Cup Group 4
1974,group,1974-06-19,Andrzej Szarmach,Szarmach,POL,HAI,30,,0,0,1974 FIFA World Cup Group 4
1974,group,1974-06-19,Jerzy Gorgoń,Gorgoń,POL,HAI,31,,0,0,1974 FIFA World Cup Group 4
1974,group,1974-06-19,Andrzej Szarmach,Szarmach,POL,HAI,34,,0,0,1974 FIFA World Cup Group 4
1974,group,1974-06-19,Roberto Perfumo,Perfumo,ARG,ITA,35,,0,1,1974 FIFA World Cup Group 4
1974,group,1974-06-19,Andrzej Szarmach,Szarmach,POL,HAI,50,,0,0,1974 FIFA World Cup Group 4
1974,group,1974-06-19,Hristo Bonev,Bonev,BUL,URU,75,,0,0,1974 FIFA World Cup Group 3
1974,group,1974-06-19,Grzegorz Lato,Lato,POL,HAI,87,,0,0,1974 FIFA World Cup Group 4
1974,group,1974-06-19,Ricardo Pavoni,Pavoni,URU,BUL,87,,0,0,1974 FIFA World Cup Group 3
1974,group,1974-06-22,Jairzinho,Jairzinho,BRA,ZAI,12,,0,0,1974 FIFA World Cup Group 2
1974,group,1974-06-22,Rivellino,Rivellino,BRA,ZAI,66,,0,0,1974 FIFA World Cup Group 2
1974,group,1974-06-22,Jürgen Sparwasser,Sparwasser,GDR,FRG,77,,0,0,East Germany v West Germany (1974 FIFA World Cup)
1974,group,1974-06-22,Valdomiro Vaz Franco,Valdomiro,BRA,ZAI,79,,0,0,1974 FIFA World Cup Group 2
1974,group,1974-06-22,Stanislav Karasi,Karasi,YUG,SCO,81,,0,0,1974 FIFA World Cup Group 2
1974,group,1974-06-22,Joe Jordan,Jordan,SCO,YUG,88,,0,0,1974 FIFA World Cup Group 2
1974,group,1974-06-23,Johan Neeskens,Neeskens,NED,BUL,5,,1,0,1974 FIFA World Cup Group 3
1974,group,1974-06-23,Héctor Yazalde,Yazalde,ARG,HAI,15,,0,0,1974 FIFA World Cup Group 4
1974,group,1974-06-23,René Houseman,Houseman,ARG,HAI,18,,0,0,1974 FIFA World Cup Group 4
1974,group,1974-06-23,Andrzej Szarmach,Szarmach,POL,ITA,38,,0,0,1974 FIFA World Cup Group 4
1974,group,1974-06-23,Kazimierz Deyna,Deyna,POL,ITA,44,,0,0,1974 FIFA World Cup Group 4
1974,group,1974-06-23,Johan Neeskens,Neeskens,NED,BUL,45,,1,0,1974 FIFA World Cup Group 3
1974,group,1974-06-23,Ralf Edström,Edström,SWE,URU,46,,0,0,1974 FIFA World Cup Group 3
1974,group,1974-06-23,Rubén Ayala,Ayala,ARG,HAI,55,,0,0,1974 FIFA World Cup Group 4
1974,group,1974-06-23,Emmanuel Sanon,Sanon,HAI,ARG,63,,0,0,1974 FIFA World Cup Group 4
1974,group,1974-06-23,Héctor Yazalde,Yazalde,ARG,HAI,68,,0,0,1974 FIFA World Cup Group 4
1974,group,1974-06-23,Johnny Rep,Rep,NED,BUL,71,,0,0,1974 FIFA World Cup Group 3
1974,group,1974-06-23,Roland Sandberg,Sandberg,SWE,URU,74,,0,0,1974 FIFA World Cup Group 3
1974,group,1974-06-23,Ralf Edström,Edström,SWE,URU,77,,0,0,1974 FIFA World Cup Group 3
1974,group,1974-06-23,Ruud Krol,Krol,NED,BUL,78,,0,1,1974 FIFA World Cup Group 3
1974,group,1974-06-23,Fabio Capello,Capello,ITA,POL,85,,0,0,1974 FIFA World Cup Group 4
1974,group,1974-06-23,Theo de Jong,De Jong,NED,BUL,88,,0,0,1974 FIFA World Cup Group 3
1974,group-2,1974-06-26,Johan Cruyff,Cruyff,NED,ARG,11,,0,0,1974 FIFA World Cup Group A
1974,group-2,1974-06-26,Ruud Krol,Krol,NED,ARG,25,,0,0,1974 FIFA World Cup Group A
1974,group-2,1974-06-26,Paul Breitner,Breitner,FRG,YUG,39,,0,0,1974 FIFA World Cup Group B
1974,group-2,1974-06-26,Grzegorz Lato,Lato,POL,SWE,43,,0,0,1974 FIFA World Cup Group B
1974,group-2,1974-06-26,Rivellino,Rivellino,BRA,GDR,60,,0,0,1974 FIFA World Cup Group A
1974,group-2,1974-06-26,Johnny Rep,Rep,NED,ARG,73,,0,0,1974 FIFA World Cup Group A
1974,group-2,1974-06-26,Gerd Müller,Müller,FRG,YUG,82,,0,0,1974 FIFA World Cup Group B
1974,group-2,1974-06-26,Johan Cruyff,Cruyff,NED,ARG,90,,0,0,1974 FIFA World Cup Group A
1974,group-2,1974-06-30,Johan Neeskens,Neeskens,NED,GDR,7,,0,0,1974 FIFA World Cup Group A
1974,group-2,1974-06-30,Kazimierz Deyna,Deyna,POL,YUG,24,,1,0,1974 FIFA World Cup Group B
1974,group-2,1974-06-30,Ralf Edström,Edström,SWE,FRG,24,,0,0,1974 FIFA World Cup Group B
1974,group-2,1974-06-30,Rivellino,Rivellino,BRA,ARG,32,,0,0,1974 FIFA World Cup Group A
1974,group-2,1974-06-30,Miguel Ángel Brindisi,Brindisi,ARG,BRA,35,,0,0,1974 FIFA World Cup Group A
1974,group-2,1974-06-30,Stanislav Karasi,Karasi,YUG,POL,43,,0,0,1974 FIFA World Cup Group B
1974,group-2,1974-06-30,Jairzinho,Jairzinho,BRA,ARG,49,,0,0,1974 FIFA World Cup Group A
1974,group-2,1974-06-30,Wolfgang Overath,Overath,FRG,SWE,51,,0,0,1974 FIFA World Cup Group B
1974,group-2,1974-06-30,Rainer Bonhof,Bonhof,FRG,SWE,52,,0,0,1974 FIFA World Cup Group B
1974,group-2,1974-06-30,Roland Sandberg,Sandberg,SWE,FRG,53,,0,0,1974 FIFA World Cup Group B
1974,group-2,1974-06-30,Rob Rensenbrink,Rensenbrink,NED,GDR,59,,0,0,1974 FIFA World Cup Group A
1974,group-2,1974-06-30,Grzegorz Lato,Lato,POL,YUG,62,,0,0,1974 FIFA World Cup Group B
1974,group-2,1974-06-30,Jürgen Grabowski,Grabowski,FRG,SWE,76,,0,0,1974 FIFA World Cup Group B
1974,group-2,1974-06-30,Uli Hoeneß,Hoeneß,FRG,SWE,89,,1,0,1974 FIFA World Cup Group B
1974,group-2,1974-07-03,Joachim Streich,Streich,GDR,ARG,14,,0,0,1974 FIFA World Cup Group A
1974,group-2,1974-07-03,René Houseman,Houseman,ARG,GDR,20,,0,0,1974 FIFA World Cup Group A
1974,group-2,1974-07-03,Ivica Šurjak,Šurjak,YUG,SWE,27,,0,0,1974 FIFA World Cup Group B
1974,group-2,1974-07-03,Ralf Edström,Edström,SWE,YUG,29,,0,0,1974 FIFA World Cup Group B
1974,group-2,1974-07-03,Johan Neeskens,Neeskens,NED,BRA,50,,0,0,1974 FIFA World Cup Group A
1974,group-2,1974-07-03,Johan Cruyff,Cruyff,NED,BRA,65,,0,0,1974 FIFA World Cup Group A
1974,group-2,1974-07-03,Gerd Müller,Müller,FRG,POL,76,,0,0,1974 FIFA World Cup Group B
1974,group-2,1974-07-03,Conny Torstensson,Torstensson,SWE,YUG,85,,0,0,1974 FIFA World Cup Group B
1974,third-place,1974-07-06,Grzegorz Lato,Lato,POL,BRA,76,,0,0,1974 FIFA World Cup knockout stage
1974,final,1974-07-07,Johan Neeskens,Neeskens,NED,FRG,2,,1,0,1974 FIFA World Cup final
1974,final,1974-07-07,Paul Breitner,Breitner,FRG,NED,25,,1,0,1974 FIFA World Cup final
1974,final,1974-07-07,Gerd Müller,Müller,FRG,NED,43,,0,0,1974 FIFA World Cup final
1978,group,1978-06-02,Bernard Lacombe,Lacombe,FRA,ITA,1,,0,0,1978 FIFA World Cup Group 1
1978,group,1978-06-02,Károly Csapó,Csapó,HUN,ARG,9,,0,0,1978 FIFA World Cup Group 1
1978,group,1978-06-02,Leopoldo Luque,Luque,ARG,HUN,14,,0,0,1978 FIFA World Cup Group 1
1978,group,1978-06-02,Paolo Rossi,Rossi,ITA,FRA,29,,0,0,1978 FIFA World Cup Group 1
1978,group,1978-06-02,Arturo Vázquez Ayala,Vázquez Ayala,MEX,TUN,45,,1,0,1978 FIFA World Cup Group 2
1978,group,1978-06-02,Renato Zaccarelli,Zaccarelli,ITA,FRA,54,,0,0,1978 FIFA World Cup Group 1
1978,group,1978-06-02,Ali Kaabi,Kaabi,TUN,MEX,55,,0,0,1978 FIFA World Cup Group 2
1978,group,1978-06-02,Néjib Ghommidh,Ghommidh,TUN,MEX,79,,0,0,1978 FIFA World Cup Group 2
1978,group,1978-06-02,Daniel Bertoni,Bertoni,ARG,HUN,83,,0,0,1978 FIFA World Cup Group 1
1978,group,1978-06-02,Mokhtar Dhouieb,Dhouieb,TUN,MEX,87,,0,0,1978 FIFA World Cup Group 2
1978,group,1978-06-03,Walter Schachner,Schachner,AUT,SPA,10,,0,0,1978 FIFA World Cup Group 3
1978,group,1978-06-03,Joe Jordan,Jordan,SCO,PER,14,,0,0,1978 FIFA World Cup Group 4
1978,group,1978-06-03,"Dani (footballer, born 1951)",Dani,SPA,AUT,21,,0,0,1978 FIFA World Cup Group 3
1978,group,1978-06-03,Thomas Sjöberg,Sjöberg,SWE,BRA,37,,0,0,1978 FIFA World Cup Group 3
1978,group,1978-06-03,Rob Rensenbrink,Rensenbrink,NED,IRN,40,,1,0,1978 FIFA World Cup Group 4
1978,group,1978-06-03,César Cueto,Cueto,PER,SCO,43,,0,0,1978 FIFA World Cup Group 4
1978,group,1978-06-03,"Reinaldo (footballer, born 1957)",Reinaldo,BRA,SWE,45,,0,0,1978 FIFA World Cup Group 3
1978,group,1978-06-03,Rob Rensenbrink,Rensenbrink,NED,IRN,62,,0,0,1978 FIFA World Cup Group 4
1978,group,1978-06-03,Teófilo Cubillas,Cubillas,PER,SCO,71,,0,0,1978 FIFA World Cup Group 4
1978,group,1978-06-03,Hans Krankl,Krankl,AUT,SPA,76,,0,0,1978 FIFA World Cup Group 3
1978,group,1978-06-03,Teófilo Cubillas,Cubillas,PER,SCO,77,,0,0,1978 FIFA World Cup Group 4
1978,group,1978-06-03,Rob Rensenbrink,Rensenbrink,NED,IRN,78,,1,0,1978 FIFA World Cup Group 4
1978,group,1978-06-06,Dieter Müller,D. Müller,FRG,MEX,15,,0,0,1978 FIFA World Cup Group 2
1978,group,1978-06-06,Hansi Müller,H. Müller,FRG,MEX,30,,0,0,1978 FIFA World Cup Group 2
1978,group,1978-06-06,Paolo Rossi,Rossi,ITA,HUN,34,,0,0,1978 FIFA World Cup Group 1
1978,group,1978-06-06,Roberto Bettega,Bettega,ITA,HUN,35,,0,0,1978 FIFA World Cup Group 1
1978,group,1978-06-06,Karl-Heinz Rummenigge,Rummenigge,FRG,MEX,38,,0,0,1978 FIFA World Cup Group 2
1978,group,1978-06-06,Grzegorz Lato,Lato,POL,TUN,43,,0,0,1978 FIFA World Cup Group 2
1978,group,1978-06-06,Heinz Flohe,Flohe,FRG,MEX,44,,0,0,1978 FIFA World Cup Group 2
1978,group,1978-06-06,Daniel Passarella,Passarella,ARG,FRA,45,,1,0,1978 FIFA World Cup Group 1
1978,group,1978-06-06,Michel Platini,Platini,FRA,ARG,60,,0,0,1978 FIFA World Cup Group 1
1978,group,1978-06-06,Romeo Benetti,Benetti,ITA,HUN,61,,0,0,1978 FIFA World Cup Group 1
1978,group,1978-06-06,Karl-Heinz Rummenigge,Rummenigge,FRG,MEX,73,,0,0,1978 FIFA World Cup Group 2
1978,group,1978-06-06,Leopoldo Luque,Luque,ARG,FRA,73,,0,0,1978 FIFA World Cup Group 1
1978,group,1978-06-06,András Tóth (footballer born 1949),A. Tóth,HUN,ITA,81,,1,0,1978 FIFA World Cup Group 1
1978,group,1978-06-06,Heinz Flohe,Flohe,FRG,MEX,89,,0,0,1978 FIFA World Cup Group 2
1978,group,1978-06-07,Hans Krankl,Krankl,AUT,SWE,42,,1,0,1978 FIFA World Cup Group 3
1978,group,1978-06-07,Andranik Eskandarian,Eskandarian,IRN,SCO,43,,0,1,1978 FIFA World Cup Group 4
1978,group,1978-06-07,Iraj Danaeifard,Danaeifard,IRN,SCO,60,,0,0,1978 FIFA World Cup Group 4
1978,group,1978-06-10,Christian Lopez (footballer),Lopez,FRA,HUN,23,,0,0,1978 FIFA World Cup Group 1
1978,group,1978-06-10,Marc Berdoll,Berdoll,FRA,HUN,38,,0,0,1978 FIFA World Cup Group 1
1978,group,1978-06-10,Sándor Zombori,Zombori,HUN,FRA,41,,0,0,1978 FIFA World Cup Group 1
1978,group,1978-06-10,Dominique Rocheteau,Rocheteau,FRA,HUN,42,,0,0,1978 FIFA World Cup Group 1
1978,group,1978-06-10,Zbigniew Boniek,Boniek,POL,MEX,43,,0,0,1978 FIFA World Cup Group 2
1978,group,1978-06-10,Víctor Rangel (Mexican footballer),Rangel,MEX,POL,52,,0,0,1978 FIFA World Cup Group 2
1978,group,1978-06-10,Kazimierz Deyna,Deyna,POL,MEX,56,,0,0,1978 FIFA World Cup Group 2
1978,group,1978-06-10,Roberto Bettega,Bettega,ITA,ARG,67,,0,0,1978 FIFA World Cup Group 1
1978,group,1978-06-10,Zbigniew Boniek,Boniek,POL,MEX,84,,0,0,1978 FIFA World Cup Group 2
1978,group,1978-06-11,"José Velásquez (footballer, born 1952)",Velásquez,PER,IRN,2,,0,0,1978 FIFA World Cup Group 4
1978,group,1978-06-11,Rob Rensenbrink,Rensenbrink,NED,SCO,34,,1,0,1978 FIFA World Cup Group 4
1978,group,1978-06-11,Teófilo Cubillas,Cubillas,PER,IRN,36,,1,0,1978 FIFA World Cup Group 4
1978,group,1978-06-11,Teófilo Cubillas,Cubillas,PER,IRN,39,,1,0,1978 FIFA World Cup Group 4
1978,group,1978-06-11,Roberto Dinamite,Dinamite,BRA,AUT,40,,0,0,1978 FIFA World Cup Group 3
1978,group,1978-06-11,Hassan Rowshan,Rowshan,IRN,PER,41,,0,0,1978 FIFA World Cup Group 4
1978,group,1978-06-11,Kenny Dalglish,Dalglish,SCO,NED,45,,0,0,1978 FIFA World Cup Group 4
1978,group,1978-06-11,Archie Gemmill,A. Gemmill,SCO,NED,46,,1,0,1978 FIFA World Cup Group 4
1978,group,1978-06-11,Archie Gemmill,A. Gemmill,SCO,NED,68,,0,0,1978 FIFA World Cup Group 4
1978,group,1978-06-11,Johnny Rep,Rep,NED,SCO,71,,0,0,1978 FIFA World Cup Group 4
1978,group,1978-06-11,Juan Manuel Asensi,Asensi,SPA,SWE,75,,0,0,1978 FIFA World Cup Group 3
1978,group,1978-06-11,Teófilo Cubillas,Cubillas,PER,IRN,79,,0,0,1978 FIFA World Cup Group 4
1978,group-2,1978-06-14,Ernie Brandts,Brandts,NED,AUT,6,,0,0,1978 FIFA World Cup Group A
1978,group-2,1978-06-14,Dirceu,Dirceu,BRA,PER,15,,0,0,1978 FIFA World Cup Group B
1978,group-2,1978-06-14,Mario Kempes,Kempes,ARG,POL,16,,0,0,1978 FIFA World Cup Group B
1978,group-2,1978-06-14,Dirceu,Dirceu,BRA,PER,27,,0,0,1978 FIFA World Cup Group B
1978,group-2,1978-06-14,Rob Rensenbrink,Rensenbrink,NED,AUT,35,,1,0,1978 FIFA World Cup Group A
1978,group-2,1978-06-14,Johnny Rep,Rep,NED,AUT,36,,0,0,1978 FIFA World Cup Group A
1978,group-2,1978-06-14,Johnny Rep,Rep,NED,AUT,53,,0,0,1978 FIFA World Cup Group A
1978,group-2,1978-06-14,Mario Kempes,Kempes,ARG,POL,71,,0,0,1978 FIFA World Cup Group B
1978,group-2,1978-06-14,Zico (footballer),Zico,BRA,PER,72,,1,0,1978 FIFA World Cup Group B
1978,group-2,1978-06-14,Erich Obermayer,Obermayer,AUT,NED,80,,0,0,1978 FIFA World Cup Group A
1978,group-2,1978-06-14,Willy van de Kerkhof,W. van de Kerkhof,NED,AUT,82,,0,0,1978 FIFA World Cup Group A
1978,group-2,1978-06-18,Rüdiger Abramczik,Abramczik,FRG,NED,3,,0,0,1978 FIFA World Cup Group A
1978,group-2,1978-06-18,Paolo Rossi,Rossi,ITA,AUT,13,,0,0,1978 FIFA World Cup Group A
1978,group-2,1978-06-18,Arie Haan,Haan,NED,FRG,27,,0,0,1978 FIFA World Cup Group A
1978,group-2,1978-06-18,Andrzej Szarmach,Szarmach,POL,PER,65,,0,0,1978 FIFA World Cup Group B
1978,group-2,1978-06-18,Dieter Müller,D. Müller,FRG,NED,70,,0,0,1978 FIFA World Cup Group A
1978,group-2,1978-06-18,René van de Kerkhof,R. van de Kerkhof,NED,FRG,82,,0,0,1978 FIFA World Cup Group A
1978,group-2,1978-06-21,Nelinho,Nelinho,BRA,POL,13,,0,0,1978 FIFA World Cup Group B
1978,group-2,1978-06-21,Ernie Brandts,Brandts,NED,ITA,19,,0,1,1978 FIFA World Cup Group A
1978,group-2,1978-06-21,Karl-Heinz Rummenigge,Rummenigge,FRG,AUT,19,,0,0,Austria v West Germany (1978 FIFA World Cup)
1978,group-2,1978-06-21,Mario Kempes,Kempes,ARG,PER,21,,0,0,Argentina v Peru (1978 FIFA World Cup)
1978,group-2,1978-06-21,Alberto Tarantini,Tarantini,ARG,PER,43,,0,0,Argentina v Peru (1978 FIFA World Cup)
1978,group-2,1978-06-21,Grzegorz Lato,Lato,POL,BRA,45,,0,0,1978 FIFA World Cup Group B
1978,group-2,1978-06-21,Ernie Brandts,Brandts,NED,ITA,49,,0,0,1978 FIFA World Cup Group A
1978,group-2,1978-06-21,Mario Kempes,Kempes,ARG,PER,49,,0,0,Argentina v Peru (1978 FIFA World Cup)
1978,group-2,1978-06-21,Leopoldo Luque,Luque,ARG,PER,50,,0,0,Argentina v Peru (1978 FIFA World Cup)
1978,group-2,1978-06-21,Roberto Dinamite,Dinamite,BRA,POL,58,,0,0,1978 FIFA World Cup Group B
1978,group-2,1978-06-21,Berti Vogts,Vogts,FRG,AUT,59,,0,1,Austria v West Germany (1978 FIFA World Cup)
1978,group-2,1978-06-21,Roberto Dinamite,Dinamite,BRA,POL,63,,0,0,1978 FIFA World Cup Group B
1978,group-2,1978-06-21,Hans Krankl,Krankl,AUT,FRG,66,,0,0,Austria v West Germany (1978 FIFA World Cup)
1978,group-2,1978-06-21,René Houseman,Houseman,ARG,PER,67,,0,0,Argentina v Peru (1978 FIFA World Cup)
1978,group-2,1978-06-21,Bernd Hölzenbein,Hölzenbein,FRG,AUT,68,,0,0,Austria v West Germany (1978 FIFA World Cup)
1978,group-2,1978-06-21,Leopoldo Luque,Luque,ARG,PER,72,,0,0,Argentina v Peru (1978 FIFA World Cup)
1978,group-2,1978-06-21,Arie Haan,Haan,NED,ITA,76,,0,0,1978 FIFA World Cup Group A
1978,group-2,1978-06-21,Hans Krankl,Krankl,AUT,FRG,87,,0,0,Austria v West Germany (1978 FIFA World Cup)
1978,third-place,1978-06-24,Franco Causio,Causio,ITA,BRA,38,,0,0,1978 FIFA World Cup knockout stage
1978,third-place,1978-06-24,Nelinho,Nelinho,BRA,ITA,64,,0,0,1978 FIFA World Cup knockout stage
1978,third-place,1978-06-24,Dirceu,Dirceu,BRA,ITA,71,,0,0,1978 FIFA World Cup knockout stage
1978,final,1978-06-25,Mario Kempes,Kempes,ARG,NED,38,,0,0,1978 FIFA World Cup final
1978,final,1978-06-25,Dick Nanninga,Nanninga,NED,ARG,82,,0,0,1978 FIFA World Cup final
1978,final,1978-06-25,Mario Kempes,Kempes,ARG,NED,105,,0,0,1978 FIFA World Cup final
1978,final,1978-06-25,Daniel Bertoni,Bertoni,ARG,NED,115,,0,0,1978 FIFA World Cup final
1982,group,1982-06-13,Erwin Vandenbergh,Vandenbergh,BEL,ARG,62,,0,0,1982 FIFA World Cup Group 3
1982,group,1982-06-14,Andriy Bal,Bal,URS,BRA,34,,0,0,1982 FIFA World Cup Group 6
1982,group,1982-06-14,Sócrates,Sócrates,BRA,URS,75,,0,0,1982 FIFA World Cup Group 6
1982,group,1982-06-14,Éder Aleixo de Assis,Éder,BRA,URS,88,,0,0,1982 FIFA World Cup Group 6
1982,group,1982-06-15,Tibor Nyilasi,Nyilasi,HUN,SLV,4,,0,0,Hungary v El Salvador (1982 FIFA World Cup)
1982,group,1982-06-15,Gábor Pölöskei,Pölöskei,HUN,SLV,11,,0,0,Hungary v El Salvador (1982 FIFA World Cup)
1982,group,1982-06-15,Kenny Dalglish,Dalglish,SCO,NZL,18,,0,0,1982 FIFA World Cup Group 6
1982,group,1982-06-15,László Fazekas,Fazekas,HUN,SLV,23,,0,0,Hungary v El Salvador (1982 FIFA World Cup)
1982,group,1982-06-15,John Wark,Wark,SCO,NZL,29,,0,0,1982 FIFA World Cup Group 6
1982,group,1982-06-15,John Wark,Wark,SCO,NZL,32,,0,0,1982 FIFA World Cup Group 6
1982,group,1982-06-15,"József Tóth (footballer, born 1951)",Tóth,HUN,SLV,50,,0,0,Hungary v El Salvador (1982 FIFA World Cup)
1982,group,1982-06-15,László Fazekas,Fazekas,HUN,SLV,54,,0,0,Hungary v El Salvador (1982 FIFA World Cup)
1982,group,1982-06-15,Steve Sumner,Sumner,NZL,SCO,54,,0,0,1982 FIFA World Cup Group 6
1982,group,1982-06-15,Luis Ramírez Zapata,Ramírez,SLV,HUN,64,,0,0,Hungary v El Salvador (1982 FIFA World Cup)
1982,group,1982-06-15,Steve Wooddin,Wooddin,NZL,SCO,64,,0,0,1982 FIFA World Cup Group 6
1982,group,1982-06-15,László Kiss (footballer),L. Kiss,HUN,SLV,69,,0,0,Hungary v El Salvador (1982 FIFA World Cup)
1982,group,1982-06-15,Lázár Szentes,Szentes,HUN,SLV,70,,0,0,Hungary v El Salvador (1982 FIFA World Cup)
1982,group,1982-06-15,László Kiss (footballer),L. Kiss,HUN,SLV,72,,0,0,Hungary v El Salvador (1982 FIFA World Cup)
1982,group,1982-06-15,"John Robertson (footballer, born 1953)",Robertson,SCO,NZL,73,,0,0,1982 FIFA World Cup Group 6
1982,group,1982-06-15,László Kiss (footballer),L. Kiss,HUN,SLV,76,,0,0,Hungary v El Salvador (1982 FIFA World Cup)
1982,group,1982-06-15,Steve Archibald,Archibald,SCO,NZL,79,,0,0,1982 FIFA World Cup Group 6
1982,group,1982-06-15,Tibor Nyilasi,Nyilasi,HUN,SLV,83,,0,0,Hungary v El Salvador (1982 FIFA World Cup)
1982,group,1982-06-16,Bryan Robson,Robson,ENG,FRA,1,,0,0,1982 FIFA World Cup Group 4
1982,group,1982-06-16,Héctor Zelaya,Zelaya,HON,ESP,8,,0,0,1982 FIFA World Cup Group 5
1982,group,1982-06-16,Gérard Soler,Soler,FRA,ENG,24,,0,0,1982 FIFA World Cup Group 4
1982,group,1982-06-16,Rabah Madjer,Madjer,ALG,FRG,54,,0,0,1982 FIFA World Cup Group 2
1982,group,1982-06-16,Roberto López Ufarte,López Ufarte,ESP,HON,65,,1,0,1982 FIFA World Cup Group 5
1982,group,1982-06-16,Bryan Robson,Robson,ENG,FRA,67,,0,0,1982 FIFA World Cup Group 4
1982,group,1982-06-16,Karl-Heinz Rummenigge,Rummenigge,FRG,ALG,67,,0,0,1982 FIFA World Cup Group 2
1982,group,1982-06-16,Lakhdar Belloumi,Belloumi,ALG,FRG,68,,0,0,1982 FIFA World Cup Group 2
1982,group,1982-06-16,Paul Mariner,Mariner,ENG,FRA,83,,0,0,1982 FIFA World Cup Group 4
1982,group,1982-06-17,Antonín Panenka,Panenka,TCH,KUW,21,,1,0,1982 FIFA World Cup Group 4
1982,group,1982-06-17,Walter Schachner,Schachner,AUT,CHI,22,,0,0,1982 FIFA World Cup Group 2
1982,group,1982-06-17,Faisal Al-Dakhil,Al-Dakhil,KUW,TCH,57,,0,0,1982 FIFA World Cup Group 4
1982,group,1982-06-18,Bruno Conti,Conti,ITA,PER,18,,0,0,1982 FIFA World Cup Group 1
1982,group,1982-06-18,David Narey,Narey,SCO,BRA,18,,0,0,1982 FIFA World Cup Group 6
1982,group,1982-06-18,Daniel Bertoni,Bertoni,ARG,HUN,26,,0,0,1982 FIFA World Cup Group 3
1982,group,1982-06-18,Diego Maradona,Maradona,ARG,HUN,28,,0,0,1982 FIFA World Cup Group 3
1982,group,1982-06-18,Zico (footballer),Zico,BRA,SCO,33,,0,0,1982 FIFA World Cup Group 6
1982,group,1982-06-18,"Oscar (footballer, born 1954)",Oscar,BRA,SCO,48,,0,0,1982 FIFA World Cup Group 6
1982,group,1982-06-18,Diego Maradona,Maradona,ARG,HUN,57,,0,0,1982 FIFA World Cup Group 3
1982,group,1982-06-18,Osvaldo Ardiles,Ardiles,ARG,HUN,60,,0,0,1982 FIFA World Cup Group 3
1982,group,1982-06-18,Éder Aleixo de Assis,Éder,BRA,SCO,63,,0,0,1982 FIFA World Cup Group 6
1982,group,1982-06-18,Gábor Pölöskei,Pölöskei,HUN,ARG,76,,0,0,1982 FIFA World Cup Group 3
1982,group,1982-06-18,Rubén Toribio Díaz,Díaz,PER,ITA,83,,0,0,1982 FIFA World Cup Group 1
1982,group,1982-06-18,Paulo Roberto Falcão,Falcão,BRA,SCO,87,,0,0,1982 FIFA World Cup Group 6
1982,group,1982-06-19,Ludo Coeck,Coeck,BEL,SLV,19,,0,0,1982 FIFA World Cup Group 3
1982,group,1982-06-19,"Yuri Gavrilov (footballer, born 1953)",Gavrilov,URS,NZL,24,,0,0,1982 FIFA World Cup Group 6
1982,group,1982-06-19,Oleh Blokhin,Blokhin,URS,NZL,48,,0,0,1982 FIFA World Cup Group 6
1982,group,1982-06-19,Sergei Pavlovich Baltacha,Baltacha,URS,NZL,68,,0,0,1982 FIFA World Cup Group 6
1982,group,1982-06-20,Karl-Heinz Rummenigge,Rummenigge,FRG,CHI,9,,0,0,1982 FIFA World Cup Group 2
1982,group,1982-06-20,Ivan Gudelj,Gudelj,YUG,ESP,10,,0,0,1982 FIFA World Cup Group 5
1982,group,1982-06-20,"Juanito (footballer, born 1954)",Juanito,ESP,YUG,14,,1,0,1982 FIFA World Cup Group 5
1982,group,1982-06-20,Karl-Heinz Rummenigge,Rummenigge,FRG,CHI,57,,0,0,1982 FIFA World Cup Group 2
1982,group,1982-06-20,Trevor Francis,Francis,ENG,TCH,62,,0,0,1982 FIFA World Cup Group 4
1982,group,1982-06-20,Enrique Saura,Saura,ESP,YUG,66,,0,0,1982 FIFA World Cup Group 5
1982,group,1982-06-20,Jozef Barmoš,Barmoš,TCH,ENG,66,,0,1,1982 FIFA World Cup Group 4
1982,group,1982-06-20,Karl-Heinz Rummenigge,Rummenigge,FRG,CHI,66,,0,0,1982 FIFA World Cup Group 2
1982,group,1982-06-20,Uwe Reinders,Reinders,FRG,CHI,83,,0,0,1982 FIFA World Cup Group 2
1982,group,1982-06-20,Gustavo Moscoso,Moscoso,CHI,FRG,90,,0,0,1982 FIFA World Cup Group 2
1982,group,1982-06-21,Gerry Armstrong (footballer),Armstrong,NIR,HON,10,,0,0,1982 FIFA World Cup Group 5
1982,group,1982-06-21,Bernard Genghini,Genghini,FRA,KUW,31,,0,0,1982 FIFA World Cup Group 4
1982,group,1982-06-21,Michel Platini,Platini,FRA,KUW,43,,0,0,1982 FIFA World Cup Group 4
1982,group,1982-06-21,Didier Six,Six,FRA,KUW,48,,0,0,1982 FIFA World Cup Group 4
1982,group,1982-06-21,Walter Schachner,Schachner,AUT,ALG,55,,0,0,1982 FIFA World Cup Group 2
1982,group,1982-06-21,Eduardo Laing,Laing,HON,NIR,60,,0,0,1982 FIFA World Cup Group 5
1982,group,1982-06-21,Hans Krankl,Krankl,AUT,ALG,67,,0,0,1982 FIFA World Cup Group 2
1982,group,1982-06-21,Abdullah Al-Buloushi,Abdull. Al-Buloushi,KUW,FRA,75,,0,0,1982 FIFA World Cup Group 4
1982,group,1982-06-21,Maxime Bossis,Bossis,FRA,KUW,89,,0,0,1982 FIFA World Cup Group 4
1982,group,1982-06-22,Joe Jordan,Jordan,SCO,URS,15,,0,0,1982 FIFA World Cup Group 6
1982,group,1982-06-22,József Varga (footballer born 1954),Varga,HUN,BEL,27,,0,0,1982 FIFA World Cup Group 3
1982,group,1982-06-22,Włodzimierz Smolarek,Smolarek,POL,PER,55,,0,0,1982 FIFA World Cup Group 1
1982,group,1982-06-22,Grzegorz Lato,Lato,POL,PER,58,,0,0,1982 FIFA World Cup Group 1
1982,group,1982-06-22,Aleksandre Chivadze,Chivadze,URS,SCO,59,,0,0,1982 FIFA World Cup Group 6
1982,group,1982-06-22,Zbigniew Boniek,Boniek,POL,PER,61,,0,0,1982 FIFA World Cup Group 1
1982,group,1982-06-22,Andrzej Buncol,Buncol,POL,PER,68,,0,0,1982 FIFA World Cup Group 1
1982,group,1982-06-22,Alexandre Czerniatynski,Czerniatynski,BEL,HUN,76,,0,0,1982 FIFA World Cup Group 3
1982,group,1982-06-22,Włodzimierz Ciołek,Ciołek,POL,PER,76,,0,0,1982 FIFA World Cup Group 1
1982,group,1982-06-22,Guillermo La Rosa,La Rosa,PER,POL,83,,0,0,1982 FIFA World Cup Group 1
1982,group,1982-06-22,Ramaz Shengelia,Shengelia,URS,SCO,84,,0,0,1982 FIFA World Cup Group 6
1982,group,1982-06-22,Graeme Souness,Souness,SCO,URS,86,,0,0,1982 FIFA World Cup Group 6
1982,group,1982-06-23,Daniel Passarella,Passarella,ARG,SLV,22,,1,0,1982 FIFA World Cup Group 3
1982,group,1982-06-23,Zico (footballer),Zico,BRA,NZL,28,,0,0,1982 FIFA World Cup Group 6
1982,group,1982-06-23,Zico (footballer),Zico,BRA,NZL,31,,0,0,1982 FIFA World Cup Group 6
1982,group,1982-06-23,Daniel Bertoni,Bertoni,ARG,SLV,54,,0,0,1982 FIFA World Cup Group 3
1982,group,1982-06-23,Francesco Graziani,Graziani,ITA,CMR,60,,0,0,1982 FIFA World Cup Group 1
1982,group,1982-06-23,Grégoire M'Bida,M'Bida,CMR,ITA,61,,0,0,1982 FIFA World Cup Group 1
1982,group,1982-06-23,Paulo Roberto Falcão,Falcão,BRA,NZL,64,,0,0,1982 FIFA World Cup Group 6
1982,group,1982-06-23,Serginho Chulapa,Serginho,BRA,NZL,70,,0,0,1982 FIFA World Cup Group 6
1982,group,1982-06-24,Salah Assad,Assad,ALG,CHI,7,,0,0,1982 FIFA World Cup Group 2
1982,group,1982-06-24,Salah Assad,Assad,ALG,CHI,31,,0,0,1982 FIFA World Cup Group 2
1982,group,1982-06-24,Tedj Bensaoula,Bensaoula,ALG,CHI,35,,0,0,1982 FIFA World Cup Group 2
1982,group,1982-06-24,Miguel Ángel Neira,Neira,CHI,ALG,59,,1,0,1982 FIFA World Cup Group 2
1982,group,1982-06-24,Didier Six,Six,FRA,TCH,66,,0,0,1982 FIFA World Cup Group 4
1982,group,1982-06-24,Juan Carlos Letelier,Letelier,CHI,ALG,73,,0,0,1982 FIFA World Cup Group 2
1982,group,1982-06-24,Antonín Panenka,Panenka,TCH,FRA,84,,1,0,1982 FIFA World Cup Group 4
1982,group,1982-06-24,Vladimir Petrović,Petrović,YUG,HON,88,,1,0,1982 FIFA World Cup Group 5
1982,group,1982-06-25,Horst Hrubesch,Hrubesch,FRG,AUT,10,,0,0,Disgrace of Gijón
1982,group,1982-06-25,Trevor Francis,Francis,ENG,KUW,27,,0,0,1982 FIFA World Cup Group 4
1982,group,1982-06-25,Gerry Armstrong (footballer),Armstrong,NIR,ESP,47,,0,0,1982 FIFA World Cup Group 5
1982,group-2,1982-06-28,Zbigniew Boniek,Boniek,POL,BEL,4,,0,0,1982 FIFA World Cup Group A
1982,group-2,1982-06-28,Zbigniew Boniek,Boniek,POL,BEL,26,,0,0,1982 FIFA World Cup Group A
1982,group-2,1982-06-28,Bernard Genghini,Genghini,FRA,AUT,39,,0,0,1982 FIFA World Cup Group D
1982,group-2,1982-06-28,Zbigniew Boniek,Boniek,POL,BEL,53,,0,0,1982 FIFA World Cup Group A
1982,group-2,1982-06-29,Marco Tardelli,Tardelli,ITA,ARG,57,,0,0,1982 FIFA World Cup Group C
1982,group-2,1982-06-29,Antonio Cabrini,Cabrini,ITA,ARG,67,,0,0,1982 FIFA World Cup Group C
1982,group-2,1982-06-29,Daniel Passarella,Passarella,ARG,ITA,83,,0,0,1982 FIFA World Cup Group C
1982,group-2,1982-07-01,Billy Hamilton (footballer),Hamilton,NIR,AUT,27,,0,0,1982 FIFA World Cup Group D
1982,group-2,1982-07-01,Khoren Oganesian,Oganesian,URS,BEL,48,,0,0,1982 FIFA World Cup Group A
1982,group-2,1982-07-01,Bruno Pezzey,Pezzey,AUT,NIR,50,,0,0,1982 FIFA World Cup Group D
1982,group-2,1982-07-01,Reinhold Hintermaier,Hintermaier,AUT,NIR,68,,0,0,1982 FIFA World Cup Group D
1982,group-2,1982-07-01,Billy Hamilton (footballer),Hamilton,NIR,AUT,75,,0,0,1982 FIFA World Cup Group D
1982,group-2,1982-07-02,Zico (footballer),Zico,BRA,ARG,11,,0,0,1982 FIFA World Cup Group C
1982,group-2,1982-07-02,Pierre Littbarski,Littbarski,FRG,ESP,50,,0,0,1982 FIFA World Cup Group B
1982,group-2,1982-07-02,Serginho Chulapa,Serginho,BRA,ARG,66,,0,0,1982 FIFA World Cup Group C
1982,group-2,1982-07-02,Klaus Fischer,Fischer,FRG,ESP,75,,0,0,1982 FIFA World Cup Group B
1982,group-2,1982-07-02,Leovegildo Lins da Gama Júnior,Júnior,BRA,ARG,75,,0,0,1982 FIFA World Cup Group C
1982,group-2,1982-07-02,Jesús María Zamora,Zamora,ESP,FRG,82,,0,0,1982 FIFA World Cup Group B
1982,group-2,1982-07-02,Ramón Díaz,Díaz,ARG,BRA,89,,0,0,1982 FIFA World Cup Group C
1982,group-2,1982-07-04,Alain Giresse,Giresse,FRA,NIR,33,,0,0,1982 FIFA World Cup Group D
1982,group-2,1982-07-04,Dominique Rocheteau,Rocheteau,FRA,NIR,46,,0,0,1982 FIFA World Cup Group D
1982,group-2,1982-07-04,Dominique Rocheteau,Rocheteau,FRA,NIR,68,,0,0,1982 FIFA World Cup Group D
1982,group-2,1982-07-04,Gerry Armstrong (footballer),Armstrong,NIR,FRA,75,,0,0,1982 FIFA World Cup Group D
1982,group-2,1982-07-04,Alain Giresse,Giresse,FRA,NIR,80,,0,0,1982 FIFA World Cup Group D
1982,group-2,1982-07-05,Paolo Rossi,Rossi,ITA,BRA,5,,0,0,Italy v Brazil (1982 FIFA World Cup)
1982,group-2,1982-07-05,Sócrates,Sócrates,BRA,ITA,12,,0,0,Italy v Brazil (1982 FIFA World Cup)
1982,group-2,1982-07-05,Paolo Rossi,Rossi,ITA,BRA,25,,0,0,Italy v Brazil (1982 FIFA World Cup)
1982,group-2,1982-07-05,Paulo Roberto Falcão,Falcão,BRA,ITA,68,,0,0,Italy v Brazil (1982 FIFA World Cup)
1982,group-2,1982-07-05,Paolo Rossi,Rossi,ITA,BRA,74,,0,0,Italy v Brazil (1982 FIFA World Cup)
1982,semi-final,1982-07-08,Pierre Littbarski,Littbarski,FRG,FRA,17,,0,0,West Germany v France (1982 FIFA World Cup)
1982,semi-final,1982-07-08,Paolo Rossi,Rossi,ITA,POL,22,,0,0,1982 FIFA World Cup knockout stage
1982,semi-final,1982-07-08,Michel Platini,Platini,FRA,FRG,26,,1,0,West Germany v France (1982 FIFA World Cup)
1982,semi-final,1982-07-08,Paolo Rossi,Rossi,ITA,POL,73,,0,0,1982 FIFA World Cup knockout stage
1982,semi-final,1982-07-08,Marius Trésor,Trésor,FRA,FRG,92,,0,0,West Germany v France (1982 FIFA World Cup)
1982,semi-final,1982-07-08,Alain Giresse,Giresse,FRA,FRG,98,,0,0,West Germany v France (1982 FIFA World Cup)
1982,semi-final,1982-07-08,Karl-Heinz Rummenigge,Rummenigge,FRG,FRA,102,,0,0,West Germany v France (1982 FIFA World Cup)
1982,semi-final,1982-07-08,Klaus Fischer,Fischer,FRG,FRA,108,,0,0,West Germany v France (1982 FIFA World Cup)
1982,third-place,1982-07-10,René Girard (footballer),Girard,FRA,POL,13,,0,0,1982 FIFA World Cup knockout stage
1982,third-place,1982-07-10,Andrzej Szarmach,Szarmach,POL,FRA,40,,0,0,1982 FIFA World Cup knockout stage
1982,third-place,1982-07-10,Stefan Majewski,Majewski,POL,FRA,44,,0,0,1982 FIFA World Cup knockout stage
1982,third-place,1982-07-10,Janusz Kupcewicz,Kupcewicz,POL,FRA,46,,0,0,1982 FIFA World Cup knockout stage
1982,third-place,1982-07-10,Alain Couriol,Couriol,FRA,POL,72,,0,0,1982 FIFA World Cup knockout stage
1982,final,1982-07-11,Paolo Rossi,Rossi,ITA,FRG,57,,0,0,1982 FIFA World Cup final
1982,final,1982-07-11,Marco Tardelli,Tardelli,ITA,FRG,69,,0,0,1982 FIFA World Cup final
1982,final,1982-07-11,Alessandro Altobelli,Altobelli,ITA,FRG,81,,0,0,1982 FIFA World Cup final
1982,final,1982-07-11,Paul Breitner,Breitner,FRG,ITA,83,,0,0,1982 FIFA World Cup final
1986,group,1986-05-31,Alessandro Altobelli,Altobelli,ITA,BUL,44,,0,0,1986 FIFA World Cup Group A
1986,group,1986-05-31,Nasko Sirakov,Sirakov,BUL,ITA,85,,0,0,1986 FIFA World Cup Group A
1986,group,1986-06-01,Sócrates,Sócrates,BRA,ESP,62,,0,0,1986 FIFA World Cup Group D
1986,group,1986-06-01,Jean-Pierre Papin,Papin,FRA,CAN,79,,0,0,1986 FIFA World Cup Group C
1986,group,1986-06-02,Pavlo Yakovenko,Yakovenko,URS,HUN,2,,0,0,1986 FIFA World Cup Group C
1986,group,1986-06-02,Sergei Aleinikov,Aleinikov,URS,HUN,4,,0,0,1986 FIFA World Cup Group C
1986,group,1986-06-02,Jorge Valdano,Valdano,ARG,KOR,6,,0,0,1986 FIFA World Cup Group A
1986,group,1986-06-02,Oscar Ruggeri,Ruggeri,ARG,KOR,18,,0,0,1986 FIFA World Cup Group A
1986,group,1986-06-02,Igor Belanov,Belanov,URS,HUN,24,,1,0,1986 FIFA World Cup Group C
1986,group,1986-06-02,Jorge Valdano,Valdano,ARG,KOR,46,,0,0,1986 FIFA World Cup Group A
1986,group,1986-06-02,Ivan Yaremchuk,Yaremchuk,URS,HUN,66,,0,0,1986 FIFA World Cup Group C
1986,group,1986-06-02,László Dajka,Dajka,HUN,URS,73,,0,1,1986 FIFA World Cup Group C
1986,group,1986-06-02,Park Chang-Sun,Park Chang-Sun,KOR,ARG,73,,0,0,1986 FIFA World Cup Group A
1986,group,1986-06-02,Sergey Rodionov,Rodionov,URS,HUN,80,,0,0,1986 FIFA World Cup Group C
1986,group,1986-06-03,Norman Whiteside,Whiteside,NIR,ALG,6,,0,0,1986 FIFA World Cup Group D
1986,group,1986-06-03,Fernando Quirarte,Quirarte,MEX,BEL,23,,0,0,1986 FIFA World Cup Group B
1986,group,1986-06-03,Hugo Sánchez,Sánchez,MEX,BEL,39,,0,0,1986 FIFA World Cup Group B
1986,group,1986-06-03,Erwin Vandenbergh,Vandenbergh,BEL,MEX,45,,0,0,1986 FIFA World Cup Group B
1986,group,1986-06-03,Djamel Zidane,Zidane,ALG,NIR,59,,0,0,1986 FIFA World Cup Group D
1986,group,1986-06-03,Carlos Manuel,Carlos Manuel,POR,ENG,75,,0,0,1986 FIFA World Cup Group F
1986,group,1986-06-04,Antonio Alzamendi,Alzamendi,URU,FRG,4,,0,0,1986 FIFA World Cup Group E
1986,group,1986-06-04,Julio César Romero,Romero,PAR,IRQ,35,,0,0,1986 FIFA World Cup Group B
1986,group,1986-06-04,Preben Elkjær,Elkjær,DEN,SCO,57,,0,0,1986 FIFA World Cup Group E
1986,group,1986-06-04,Klaus Allofs,Allofs,FRG,URU,84,,0,0,1986 FIFA World Cup Group E
1986,group,1986-06-05,Alessandro Altobelli,Altobelli,ITA,ARG,6,,1,0,1986 FIFA World Cup Group A
1986,group,1986-06-05,Plamen Getov,Getov,BUL,KOR,11,,0,0,1986 FIFA World Cup Group A
1986,group,1986-06-05,Diego Maradona,Maradona,ARG,ITA,34,,0,0,1986 FIFA World Cup Group A
1986,group,1986-06-05,Vasyl Rats,Rats,URS,FRA,53,,0,0,1986 FIFA World Cup Group C
1986,group,1986-06-05,Luis Fernández,Fernández,FRA,URS,62,,0,0,1986 FIFA World Cup Group C
1986,group,1986-06-05,Kim Jong-Boo,Kim Jong-Boo,KOR,BUL,70,,0,0,1986 FIFA World Cup Group A
1986,group,1986-06-06,Márton Esterházy,Esterházy,HUN,CAN,2,,0,0,1986 FIFA World Cup Group C
1986,group,1986-06-06,Careca,Careca,BRA,ALG,66,,0,0,1986 FIFA World Cup Group D
1986,group,1986-06-06,Lajos Détári,Détári,HUN,CAN,75,,0,0,1986 FIFA World Cup Group C
1986,group,1986-06-07,Emilio Butragueño,Butragueño,ESP,NIR,1,,0,0,1986 FIFA World Cup Group D
1986,group,1986-06-07,Luis Flores (Mexican footballer),Flores,MEX,PAR,3,,0,0,1986 FIFA World Cup Group B
1986,group,1986-06-07,Julio Salinas,Salinas,ESP,NIR,18,,0,0,1986 FIFA World Cup Group D
1986,group,1986-06-07,Colin Clarke (footballer born 1962),Clarke,NIR,ESP,46,,0,0,1986 FIFA World Cup Group D
1986,group,1986-06-07,Włodzimierz Smolarek,Smolarek,POL,POR,68,,0,0,1986 FIFA World Cup Group F
1986,group,1986-06-07,Julio César Romero,Romero,PAR,MEX,85,,0,0,1986 FIFA World Cup Group B
1986,group,1986-06-08,Preben Elkjær,Elkjær,DEN,URU,11,,0,0,1986 FIFA World Cup Group E
1986,group,1986-06-08,Enzo Scifo,Scifo,BEL,IRQ,16,,0,0,1986 FIFA World Cup Group B
1986,group,1986-06-08,Gordon Strachan,Strachan,SCO,FRG,18,,0,0,1986 FIFA World Cup Group E
1986,group,1986-06-08,Nico Claesen,Claesen,BEL,IRQ,21,,1,0,1986 FIFA World Cup Group B
1986,group,1986-06-08,Rudi Völler,Völler,FRG,SCO,23,,0,0,1986 FIFA World Cup Group E
1986,group,1986-06-08,Søren Lerby,Lerby,DEN,URU,41,,0,0,1986 FIFA World Cup Group E
1986,group,1986-06-08,Enzo Francescoli,Francescoli,URU,DEN,45,,1,0,1986 FIFA World Cup Group E
1986,group,1986-06-08,Klaus Allofs,Allofs,FRG,SCO,49,,0,0,1986 FIFA World Cup Group E
1986,group,1986-06-08,Michael Laudrup,Laudrup,DEN,URU,52,,0,0,1986 FIFA World Cup Group E
1986,group,1986-06-08,Ahmed Radhi,Radhi,IRQ,BEL,59,,0,0,1986 FIFA World Cup Group B
1986,group,1986-06-08,Preben Elkjær,Elkjær,DEN,URU,67,,0,0,1986 FIFA World Cup Group E
1986,group,1986-06-08,Preben Elkjær,Elkjær,DEN,URU,80,,0,0,1986 FIFA World Cup Group E
1986,group,1986-06-08,Jesper Olsen,J. Olsen,DEN,URU,88,,0,0,1986 FIFA World Cup Group E
1986,group,1986-06-09,Yannick Stopyra,Stopyra,FRA,HUN,29,,0,0,1986 FIFA World Cup Group C
1986,group,1986-06-09,Oleg Blokhin,Blokhin,URS,CAN,58,,0,0,1986 FIFA World Cup Group C
1986,group,1986-06-09,Jean Tigana,Tigana,FRA,HUN,62,,0,0,1986 FIFA World Cup Group C
1986,group,1986-06-09,Oleksandr Zavarov,Zavarov,URS,CAN,74,,0,0,1986 FIFA World Cup Group C
1986,group,1986-06-09,Dominique Rocheteau,Rocheteau,FRA,HUN,84,,0,0,1986 FIFA World Cup Group C
1986,group,1986-06-10,Jorge Valdano,Valdano,ARG,BUL,4,,0,0,1986 FIFA World Cup Group A
1986,group,1986-06-10,Alessandro Altobelli,Altobelli,ITA,KOR,17,,0,0,1986 FIFA World Cup Group A
1986,group,1986-06-10,Choi Soon-Ho,Choi Soon-Ho,KOR,ITA,62,,0,0,1986 FIFA World Cup Group A
1986,group,1986-06-10,Alessandro Altobelli,Altobelli,ITA,KOR,73,,0,0,1986 FIFA World Cup Group A
1986,group,1986-06-10,Jorge Burruchaga,Burruchaga,ARG,BUL,77,,0,0,1986 FIFA World Cup Group A
1986,group,1986-06-10,Cho Kwang-Rae,Cho Kwang-Rae,KOR,ITA,82,,0,1,1986 FIFA World Cup Group A
1986,group,1986-06-10,Huh Jung-Moo,Huh Jung-Moo,KOR,ITA,89,,0,0,1986 FIFA World Cup Group A
1986,group,1986-06-11,Gary Lineker,Lineker,ENG,POL,8,,0,0,1986 FIFA World Cup Group F
1986,group,1986-06-11,Gary Lineker,Lineker,ENG,POL,14,,0,0,1986 FIFA World Cup Group F
1986,group,1986-06-11,Abderrazak Khairi,Khairi,MAR,POR,19,,0,0,1986 FIFA World Cup Group F
1986,group,1986-06-11,Abderrazak Khairi,Khairi,MAR,POR,27,,0,0,1986 FIFA World Cup Group F
1986,group,1986-06-11,Franky Vercauteren,Vercauteren,BEL,PAR,30,,0,0,1986 FIFA World Cup Group B
1986,group,1986-06-11,Gary Lineker,Lineker,ENG,POL,36,,0,0,1986 FIFA World Cup Group F
1986,group,1986-06-11,Roberto Cabañas,Cabañas,PAR,BEL,50,,0,0,1986 FIFA World Cup Group B
1986,group,1986-06-11,Fernando Quirarte,Quirarte,MEX,IRQ,54,,0,0,1986 FIFA World Cup Group B
1986,group,1986-06-11,Daniel Veyt,Veyt,BEL,PAR,59,,0,0,1986 FIFA World Cup Group B
1986,group,1986-06-11,Abdelkrim Merry,A. Merry,MAR,POR,62,,0,0,1986 FIFA World Cup Group F
1986,group,1986-06-11,Roberto Cabañas,Cabañas,PAR,BEL,76,,0,0,1986 FIFA World Cup Group B
1986,group,1986-06-11,Diamantino Miranda,Diamantino,POR,MAR,80,,0,0,1986 FIFA World Cup Group F
1986,group,1986-06-12,Careca,Careca,BRA,NIR,15,,0,0,1986 FIFA World Cup Group D
1986,group,1986-06-12,Ramón Calderé,Calderé,ESP,ALG,15,,0,0,1986 FIFA World Cup Group D
1986,group,1986-06-12,"Josimar (footballer, born 1961)",Josimar,BRA,NIR,42,,0,0,1986 FIFA World Cup Group D
1986,group,1986-06-12,Ramón Calderé,Calderé,ESP,ALG,68,,0,0,1986 FIFA World Cup Group D
1986,group,1986-06-12,Eloy (footballer),Eloy,ESP,ALG,70,,0,0,1986 FIFA World Cup Group D
1986,group,1986-06-12,Careca,Careca,BRA,NIR,87,,0,0,1986 FIFA World Cup Group D
1986,group,1986-06-13,Jesper Olsen,J. Olsen,DEN,FRG,43,,1,0,1986 FIFA World Cup Group E
1986,group,1986-06-13,John Eriksen,Eriksen,DEN,FRG,62,,0,0,1986 FIFA World Cup Group E
1986,round-of-16,1986-06-15,Igor Belanov,Belanov,URS,BEL,27,,0,0,1986 FIFA World Cup knockout stage
1986,round-of-16,1986-06-15,Manuel Negrete Arias,Negrete,MEX,BUL,34,,0,0,1986 FIFA World Cup knockout stage
1986,round-of-16,1986-06-15,Enzo Scifo,Scifo,BEL,URS,56,,0,0,1986 FIFA World Cup knockout stage
1986,round-of-16,1986-06-15,Raúl Servín,Servín,MEX,BUL,61,,0,0,1986 FIFA World Cup knockout stage
1986,round-of-16,1986-06-15,Igor Belanov,Belanov,URS,BEL,70,,0,0,1986 FIFA World Cup knockout stage
1986,round-of-16,1986-06-15,Jan Ceulemans,Ceulemans,BEL,URS,77,,0,0,1986 FIFA World Cup knockout stage
1986,round-of-16,1986-06-15,Stéphane Demol,Demol,BEL,URS,102,,0,0,1986 FIFA World Cup knockout stage
1986,round-of-16,1986-06-15,Nico Claesen,Claesen,BEL,URS,110,,0,0,1986 FIFA World Cup knockout stage
1986,round-of-16,1986-06-15,Igor Belanov,Belanov,URS,BEL,111,,1,0,1986 FIFA World Cup knockout stage
1986,round-of-16,1986-06-16,Sócrates,Sócrates,BRA,POL,30,,1,0,1986 FIFA World Cup knockout stage
1986,round-of-16,1986-06-16,Pedro Pasculli,Pasculli,ARG,URU,42,,0,0,1986 FIFA World Cup knockout stage
1986,round-of-16,1986-06-16,"Josimar (footballer, born 1961)",Josimar,BRA,POL,55,,0,0,1986 FIFA World Cup knockout stage
1986,round-of-16,1986-06-16,Edino Nazareth Filho,Edinho,BRA,POL,79,,0,0,1986 FIFA World Cup knockout stage
1986,round-of-16,1986-06-16,Careca,Careca,BRA,POL,83,,1,0,1986 FIFA World Cup knockout stage
1986,round-of-16,1986-06-17,Michel Platini,Platini,FRA,ITA,15,,0,0,1986 FIFA World Cup knockout stage
1986,round-of-16,1986-06-17,Yannick Stopyra,Stopyra,FRA,ITA,57,,0,0,1986 FIFA World Cup knockout stage
1986,round-of-16,1986-06-17,Lothar Matthäus,Matthäus,FRG,MAR,88,,0,0,1986 FIFA World Cup knockout stage
1986,round-of-16,1986-06-18,Gary Lineker,Lineker,ENG,PAR,31,,0,0,1986 FIFA World Cup knockout stage
1986,round-of-16,1986-06-18,Jesper Olsen,J. Olsen,DEN,ESP,33,,1,0,1986 FIFA World Cup knockout stage
1986,round-of-16,1986-06-18,Emilio Butragueño,Butragueño,ESP,DEN,43,,0,0,1986 FIFA World Cup knockout stage
1986,round-of-16,1986-06-18,Emilio Butragueño,Butragueño,ESP,DEN,56,,0,0,1986 FIFA World Cup knockout stage
1986,round-of-16,1986-06-18,Peter Beardsley,Beardsley,ENG,PAR,56,,0,0,1986 FIFA World Cup knockout stage
1986,round-of-16,1986-06-18,Andoni Goikoetxea Olaskoaga,Goikoetxea,ESP,DEN,68,,1,0,1986 FIFA World Cup knockout stage
1986,round-of-16,1986-06-18,Gary Lineker,Lineker,ENG,PAR,73,,0,0,1986 FIFA World Cup knockout stage
1986,round-of-16,1986-06-18,Emilio Butragueño,Butragueño,ESP,DEN,80,,0,0,1986 FIFA World Cup knockout stage
1986,round-of-16,1986-06-18,Emilio Butragueño,Butragueño,ESP,DEN,88,,1,0,1986 FIFA World Cup knockout stage
1986,quarter-final,1986-06-21,Careca,Careca,BRA,FRA,17,,0,0,1986 FIFA World Cup knockout stage
1986,quarter-final,1986-06-21,Michel Platini,Platini,FRA,BRA,40,,0,0,1986 FIFA World Cup knockout stage
1986,quarter-final,1986-06-22,Jan Ceulemans,Ceulemans,BEL,ESP,35,,0,0,1986 FIFA World Cup knockout stage
1986,quarter-final,1986-06-22,Diego Maradona,Maradona,ARG,ENG,51,,0,0,Argentina v England (1986 FIFA World Cup)
1986,quarter-final,1986-06-22,Diego Maradona,Maradona,ARG,ENG,55,,0,0,Argentina v England (1986 FIFA World Cup)
1986,quarter-final,1986-06-22,Gary Lineker,Lineker,ENG,ARG,81,,0,0,Argentina v England (1986 FIFA World Cup)
1986,quarter-final,1986-06-22,Juan Antonio Señor,Señor,ESP,BEL,85,,0,0,1986 FIFA World Cup knockout stage
1986,semi-final,1986-06-25,Andreas Brehme,Brehme,FRG,FRA,9,,0,0,1986 FIFA World Cup knockout stage
1986,semi-final,1986-06-25,Diego Maradona,Maradona,ARG,BEL,51,,0,0,1986 FIFA World Cup knockout stage
1986,semi-final,1986-06-25,Diego Maradona,Maradona,ARG,BEL,63,,0,0,1986 FIFA World Cup knockout stage
1986,semi-final,1986-06-25,Rudi Völler,Völler,FRG,FRA,90,,0,0,1986 FIFA World Cup knockout stage
1986,third-place,1986-06-28,Jan Ceulemans,Ceulemans,BEL,FRA,11,,0,0,1986 FIFA World Cup knockout stage
1986,third-place,1986-06-28,Jean-Marc Ferreri,Ferreri,FRA,BEL,27,,0,0,1986 FIFA World Cup knockout stage
1986,third-place,1986-06-28,Jean-Pierre Papin,Papin,FRA,BEL,43,,0,0,1986 FIFA World Cup knockout stage
1986,third-place,1986-06-28,Nico Claesen,Claesen,BEL,FRA,73,,0,0,1986 FIFA World Cup knockout stage
1986,third-place,1986-06-28,Bernard Genghini,Genghini,FRA,BEL,104,,0,0,1986 FIFA World Cup knockout stage
1986,third-place,1986-06-28,Manuel Amoros,Amoros,FRA,BEL,111,,1,0,1986 FIFA World Cup knockout stage
1986,final,1986-06-29,José Luis Brown,Brown,ARG,FRG,23,,0,0,1986 FIFA World Cup final
1986,final,1986-06-29,Jorge Valdano,Valdano,ARG,FRG,56,,0,0,1986 FIFA World Cup final
1986,final,1986-06-29,Karl-Heinz Rummenigge,Rummenigge,FRG,ARG,74,,0,0,1986 FIFA World Cup final
1986,final,1986-06-29,Rudi Völler,Völler,FRG,ARG,81,,0,0,1986 FIFA World Cup final
1986,final,1986-06-29,Jorge Burruchaga,Burruchaga,ARG,FRG,84,,0,0,1986 FIFA World Cup final
1990,group,1990-06-08,François Omam-Biyik,Omam-Biyik,CMR,ARG,67,,0,0,1990 FIFA World Cup Group B
1990,group,1990-06-09,Marius Lăcătuș,Lăcătuș,ROU,URS,41,,0,0,1990 FIFA World Cup Group B
1990,group,1990-06-09,Bernardo Redín,Redín,COL,UAE,50,,0,0,1990 FIFA World Cup Group D
1990,group,1990-06-09,Marius Lăcătuș,Lăcătuș,ROU,URS,55,,1,0,1990 FIFA World Cup Group B
1990,group,1990-06-09,Salvatore Schillaci,Schillaci,ITA,AUT,78,,0,0,1990 FIFA World Cup Group A
1990,group,1990-06-09,Carlos Valderrama,Valderrama,COL,UAE,85,,0,0,1990 FIFA World Cup Group D
1990,group,1990-06-10,Tomáš Skuhravý,Skuhravý,CSK,USA,26,,0,0,1990 FIFA World Cup Group A
1990,group,1990-06-10,Lothar Matthäus,Matthäus,FRG,YUG,28,,0,0,1990 FIFA World Cup Group D
1990,group,1990-06-10,Jürgen Klinsmann,Klinsmann,FRG,YUG,39,,0,0,1990 FIFA World Cup Group D
1990,group,1990-06-10,Careca,Careca,BRA,SWE,40,,0,0,1990 FIFA World Cup Group C
1990,group,1990-06-10,Michal Bílek,Bílek,CSK,USA,40,,1,0,1990 FIFA World Cup Group A
1990,group,1990-06-10,Ivan Hašek,Hašek,CSK,USA,50,,0,0,1990 FIFA World Cup Group A
1990,group,1990-06-10,Davor Jozić,Jozić,YUG,FRG,55,,0,0,1990 FIFA World Cup Group D
1990,group,1990-06-10,Paul Caligiuri,Caligiuri,USA,CSK,60,,0,0,1990 FIFA World Cup Group A
1990,group,1990-06-10,Careca,Careca,BRA,SWE,63,,0,0,1990 FIFA World Cup Group C
1990,group,1990-06-10,Lothar Matthäus,Matthäus,FRG,YUG,64,,0,0,1990 FIFA World Cup Group D
1990,group,1990-06-10,Rudi Völler,Völler,FRG,YUG,70,,0,0,1990 FIFA World Cup Group D
1990,group,1990-06-10,Tomáš Skuhravý,Skuhravý,CSK,USA,78,,0,0,1990 FIFA World Cup Group A
1990,group,1990-06-10,Tomas Brolin,Brolin,SWE,BRA,79,,0,0,1990 FIFA World Cup Group C
1990,group,1990-06-10,Milan Luhový,Luhový,CSK,USA,90,3,0,0,1990 FIFA World Cup Group A
1990,group,1990-06-11,Gary Lineker,Lineker,ENG,IRL,9,,0,0,1990 FIFA World Cup Group F
1990,group,1990-06-11,Juan Cayasso,Cayasso,CRC,SCO,49,,0,0,1990 FIFA World Cup Group C
1990,group,1990-06-11,Kevin Sheedy (Irish footballer),Sheedy,IRL,ENG,73,,0,0,1990 FIFA World Cup Group F
1990,group,1990-06-12,Marc Degryse,Degryse,BEL,KOR,53,,0,0,1990 FIFA World Cup Group E
1990,group,1990-06-12,Wim Kieft,Kieft,NED,EGY,58,,0,0,1990 FIFA World Cup Group F
1990,group,1990-06-12,Michel De Wolf,De Wolf,BEL,KOR,64,,0,0,1990 FIFA World Cup Group E
1990,group,1990-06-12,Magdi Abdelghani,Abdelghani,EGY,NED,83,,1,0,1990 FIFA World Cup Group F
1990,group,1990-06-13,Pedro Troglio,Troglio,ARG,URS,27,,0,0,1990 FIFA World Cup Group B
1990,group,1990-06-13,Jorge Burruchaga,Burruchaga,ARG,URS,79,,0,0,1990 FIFA World Cup Group B
1990,group,1990-06-14,Giuseppe Giannini,Giannini,ITA,USA,11,,0,0,1990 FIFA World Cup Group A
1990,group,1990-06-14,Davor Jozić,Jozić,YUG,COL,75,,0,0,1990 FIFA World Cup Group D
1990,group,1990-06-14,Roger Milla,Milla,CMR,ROU,76,,0,0,1990 FIFA World Cup Group B
1990,group,1990-06-14,Roger Milla,Milla,CMR,ROU,86,,0,0,1990 FIFA World Cup Group B
1990,group,1990-06-14,Gavril Balint,Balint,ROU,CMR,88,,0,0,1990 FIFA World Cup Group B
1990,group,1990-06-15,Michal Bílek,Bílek,CSK,AUT,31,,1,0,1990 FIFA World Cup Group A
1990,group,1990-06-15,Rudi Völler,Völler,FRG,UAE,35,,0,0,1990 FIFA World Cup Group D
1990,group,1990-06-15,Jürgen Klinsmann,Klinsmann,FRG,UAE,37,,0,0,1990 FIFA World Cup Group D
1990,group,1990-06-15,Khalid Ismaïl,Ismaïl,UAE,FRG,46,,0,0,1990 FIFA World Cup Group D
1990,group,1990-06-15,Lothar Matthäus,Matthäus,FRG,UAE,47,,0,0,1990 FIFA World Cup Group D
1990,group,1990-06-15,Uwe Bein,Bein,FRG,UAE,58,,0,0,1990 FIFA World Cup Group D
1990,group,1990-06-15,Rudi Völler,Völler,FRG,UAE,75,,0,0,1990 FIFA World Cup Group D
1990,group,1990-06-16,Stuart McCall,McCall,SCO,SWE,11,,0,0,1990 FIFA World Cup Group C
1990,group,1990-06-16,"Müller (footballer, born 1966)",Müller,BRA,CRC,33,,0,0,1990 FIFA World Cup Group C
1990,group,1990-06-16,Mo Johnston,Johnston,SCO,SWE,81,,1,0,1990 FIFA World Cup Group C
1990,group,1990-06-16,Glenn Strömberg,Strömberg,SWE,SCO,85,,0,0,1990 FIFA World Cup Group C
1990,group,1990-06-17,Lei Clijsters,Clijsters,BEL,URU,15,,0,0,1990 FIFA World Cup Group E
1990,group,1990-06-17,Enzo Scifo,Scifo,BEL,URU,22,,0,0,1990 FIFA World Cup Group E
1990,group,1990-06-17,"Míchel (footballer, born 1963)",Míchel,ESP,KOR,23,,0,0,1990 FIFA World Cup Group E
1990,group,1990-06-17,Hwangbo Kwan,Hwangbo Kwan,KOR,ESP,43,,0,0,1990 FIFA World Cup Group E
1990,group,1990-06-17,Jan Ceulemans,Ceulemans,BEL,URU,46,,0,0,1990 FIFA World Cup Group E
1990,group,1990-06-17,"Míchel (footballer, born 1963)",Míchel,ESP,KOR,61,,0,0,1990 FIFA World Cup Group E
1990,group,1990-06-17,Pablo Bengoechea,Bengoechea,URU,BEL,72,,0,0,1990 FIFA World Cup Group E
1990,group,1990-06-17,"Míchel (footballer, born 1963)",Míchel,ESP,KOR,81,,0,0,1990 FIFA World Cup Group E
1990,group,1990-06-18,Oleh Protasov,Protasov,URS,CMR,20,,0,0,1990 FIFA World Cup Group B
1990,group,1990-06-18,Andrei Zygmantovich,Zygmantovich,URS,CMR,29,,0,0,1990 FIFA World Cup Group B
1990,group,1990-06-18,Oleksandr Zavarov,Zavarov,URS,CMR,52,,0,0,1990 FIFA World Cup Group B
1990,group,1990-06-18,Pedro Monzón,Monzón,ARG,ROU,62,,0,0,1990 FIFA World Cup Group B
1990,group,1990-06-18,Igor Dobrovolski,Dobrovolski,URS,CMR,63,,0,0,1990 FIFA World Cup Group B
1990,group,1990-06-18,Gavril Balint,Balint,ROU,ARG,68,,0,0,1990 FIFA World Cup Group B
1990,group,1990-06-19,Safet Sušić,Sušić,YUG,UAE,5,,0,0,1990 FIFA World Cup Group D
1990,group,1990-06-19,Darko Pančev,Pančev,YUG,UAE,9,,0,0,1990 FIFA World Cup Group D
1990,group,1990-06-19,Salvatore Schillaci,Schillaci,ITA,CSK,9,,0,0,1990 FIFA World Cup Group A
1990,group,1990-06-19,Ali Thani Jumaa,Thani,UAE,YUG,22,,0,0,1990 FIFA World Cup Group D
1990,group,1990-06-19,Darko Pančev,Pančev,YUG,UAE,46,,0,0,1990 FIFA World Cup Group D
1990,group,1990-06-19,Andreas Ogris,Ogris,AUT,USA,49,,0,0,1990 FIFA World Cup Group A
1990,group,1990-06-19,Gerhard Rodax,Rodax,AUT,USA,63,,0,0,1990 FIFA World Cup Group A
1990,group,1990-06-19,Roberto Baggio,Baggio,ITA,CSK,78,,0,0,1990 FIFA World Cup Group A
1990,group,1990-06-19,Bruce Murray (soccer),Murray,USA,AUT,83,,0,0,1990 FIFA World Cup Group A
1990,group,1990-06-19,Pierre Littbarski,Littbarski,FRG,COL,88,,0,0,1990 FIFA World Cup Group D
1990,group,1990-06-19,Freddy Rincón,Rincón,COL,FRG,90,3,0,0,1990 FIFA World Cup Group D
1990,group,1990-06-19,Robert Prosinečki,Prosinečki,YUG,UAE,90,3,0,0,1990 FIFA World Cup Group D
1990,group,1990-06-20,Johnny Ekström,Ekström,SWE,CRC,32,,0,0,1990 FIFA World Cup Group C
1990,group,1990-06-20,Róger Flores,Flores,CRC,SWE,75,,0,0,1990 FIFA World Cup Group C
1990,group,1990-06-20,"Müller (footballer, born 1966)",Müller,BRA,SCO,81,,0,0,1990 FIFA World Cup Group C
1990,group,1990-06-20,Hernán Medford,Medford,CRC,SWE,87,,0,0,1990 FIFA World Cup Group C
1990,group,1990-06-21,Ruud Gullit,Gullit,NED,IRL,11,,0,0,1990 FIFA World Cup Group F
1990,group,1990-06-21,"Míchel (footballer, born 1963)",Míchel,ESP,BEL,26,,1,0,1990 FIFA World Cup Group E
1990,group,1990-06-21,Patrick Vervoort,Vervoort,BEL,ESP,29,,0,0,1990 FIFA World Cup Group E
1990,group,1990-06-21,Alberto Górriz,Górriz,ESP,BEL,38,,0,0,1990 FIFA World Cup Group E
1990,group,1990-06-21,"Mark Wright (footballer, born 1963)",Wright,ENG,EGY,58,,0,0,1990 FIFA World Cup Group F
1990,group,1990-06-21,Niall Quinn,Quinn,IRL,NED,71,,0,0,1990 FIFA World Cup Group F
1990,group,1990-06-21,Daniel Fonseca,Fonseca,URU,KOR,90,1,0,0,1990 FIFA World Cup Group E
1990,round-of-16,1990-06-23,Tomáš Skuhravý,Skuhravý,CSK,CRC,12,,0,0,1990 FIFA World Cup knockout stage
1990,round-of-16,1990-06-23,Rónald González Brenes,González,CRC,CSK,55,,0,0,1990 FIFA World Cup knockout stage
1990,round-of-16,1990-06-23,Tomáš Skuhravý,Skuhravý,CSK,CRC,63,,0,0,1990 FIFA World Cup knockout stage
1990,round-of-16,1990-06-23,Luboš Kubík,Kubík,CSK,CRC,76,,0,0,1990 FIFA World Cup knockout stage
1990,round-of-16,1990-06-23,Tomáš Skuhravý,Skuhravý,CSK,CRC,82,,0,0,1990 FIFA World Cup knockout stage
1990,round-of-16,1990-06-23,Roger Milla,Milla,CMR,COL,106,,0,0,1990 FIFA World Cup knockout stage
1990,round-of-16,1990-06-23,Roger Milla,Milla,CMR,COL,108,,0,0,1990 FIFA World Cup knockout stage
1990,round-of-16,1990-06-23,Bernardo Redín,Redín,COL,CMR,115,,0,0,1990 FIFA World Cup knockout stage
1990,round-of-16,1990-06-24,Jürgen Klinsmann,Klinsmann,FRG,NED,51,,0,0,1990 FIFA World Cup knockout stage
1990,round-of-16,1990-06-24,Claudio Caniggia,Caniggia,ARG,BRA,81,,0,0,1990 FIFA World Cup knockout stage
1990,round-of-16,1990-06-24,Andreas Brehme,Brehme,FRG,NED,85,,0,0,1990 FIFA World Cup knockout stage
1990,round-of-16,1990-06-24,Ronald Koeman,R. Koeman,NED,FRG,89,,1,0,1990 FIFA World Cup knockout stage
1990,round-of-16,1990-06-25,Salvatore Schillaci,Schillaci,ITA,URU,65,,0,0,1990 FIFA World Cup knockout stage
1990,round-of-16,1990-06-25,Aldo Serena,Serena,ITA,URU,83,,0,0,1990 FIFA World Cup knockout stage
1990,round-of-16,1990-06-26,Dragan Stojković,Stojković,YUG,ESP,78,,0,0,1990 FIFA World Cup knockout stage
1990,round-of-16,1990-06-26,Julio Salinas,Salinas,ESP,YUG,84,,0,0,1990 FIFA World Cup knockout stage
1990,round-of-16,1990-06-26,Dragan Stojković,Stojković,YUG,ESP,93,,0,0,1990 FIFA World Cup knockout stage
1990,round-of-16,1990-06-26,David Platt (footballer),Platt,ENG,BEL,119,,0,0,1990 FIFA World Cup knockout stage
1990,quarter-final,1990-06-30,Salvatore Schillaci,Schillaci,ITA,IRL,38,,0,0,1990 FIFA World Cup knockout stage
1990,quarter-final,1990-07-01,David Platt (footballer),Platt,ENG,CMR,25,,0,0,1990 FIFA World Cup knockout stage
1990,quarter-final,1990-07-01,Lothar Matthäus,Matthäus,FRG,TCH,25,,1,0,1990 FIFA World Cup knockout stage
1990,quarter-final,1990-07-01,Emmanuel Kundé,Kundé,CMR,ENG,61,,1,0,1990 FIFA World Cup knockout stage
1990,quarter-final,1990-07-01,Eugène Ekéké,Ekéké,CMR,ENG,65,,0,0,1990 FIFA World Cup knockout stage
1990,quarter-final,1990-07-01,Gary Lineker,Lineker,ENG,CMR,83,,1,0,1990 FIFA World Cup knockout stage
1990,quarter-final,1990-07-01,Gary Lineker,Lineker,ENG,CMR,105,,1,0,1990 FIFA World Cup knockout stage
1990,semi-final,1990-07-03,Salvatore Schillaci,Schillaci,ITA,ARG,17,,0,0,1990 FIFA World Cup knockout stage
1990,semi-final,1990-07-03,Claudio Caniggia,Caniggia,ARG,ITA,67,,0,0,1990 FIFA World Cup knockout stage
1990,semi-final,1990-07-07,Brehme,Brehme,FRG,ENG,60,,0,0,1990 FIFA World Cup knockout stage
1990,third-place,1990-07-07,Roberto Baggio,Baggio,ITA,ENG,71,,0,0,1990 FIFA World Cup knockout stage
1990,semi-final,1990-07-07,Gary Lineker,Lineker,ENG,FRG,80,,0,0,1990 FIFA World Cup knockout stage
1990,third-place,1990-07-07,David Platt (footballer),Platt,ENG,ITA,81,,0,0,1990 FIFA World Cup knockout stage
1990,third-place,1990-07-07,Salvatore Schillaci,Schillaci,ITA,ENG,86,,1,0,1990 FIFA World Cup knockout stage
1990,final,1990-07-08,Andreas Brehme,Brehme,FRG,ARG,85,,1,0,1990 FIFA World Cup final
1994,group,1994-06-17,Julio Salinas,Salinas,ESP,KOR,51,,0,0,1994 FIFA World Cup Group C
1994,group,1994-06-17,Ion Andoni Goikoetxea,Goikoetxea,ESP,KOR,55,,0,0,1994 FIFA World Cup Group C
1994,group,1994-06-17,Jürgen Klinsmann,Klinsmann,GER,BOL,61,,0,0,1994 FIFA World Cup Group C
1994,group,1994-06-17,Hong Myung-bo,Hong Myung-bo,KOR,ESP,85,,0,0,1994 FIFA World Cup Group C
1994,group,1994-06-17,Seo Jung-won,Seo Jung-won,KOR,ESP,90,,0,0,1994 FIFA World Cup Group C
1994,group,1994-06-18,Ray Houghton,Houghton,IRL,ITA,12,,0,0,1994 FIFA World Cup Group E
1994,group,1994-06-18,Florin Răducioiu,Răducioiu,ROU,COL,16,,0,0,1994 FIFA World Cup Group A
1994,group,1994-06-18,Gheorghe Hagi,Hagi,ROU,COL,34,,0,0,1994 FIFA World Cup Group A
1994,group,1994-06-18,Georges Bregy,Bregy,SUI,USA,39,,0,0,1994 FIFA World Cup Group A
1994,group,1994-06-18,Adolfo Valencia,Valencia,COL,ROU,43,,0,0,1994 FIFA World Cup Group A
1994,group,1994-06-18,Eric Wynalda,Wynalda,USA,SUI,45,,0,0,1994 FIFA World Cup Group A
1994,group,1994-06-18,Florin Răducioiu,Răducioiu,ROU,COL,89,,0,0,1994 FIFA World Cup Group A
1994,group,1994-06-19,Roger Ljung,Ljung,SWE,CMR,8,,0,0,1994 FIFA World Cup Group B
1994,group,1994-06-19,Marc Degryse,Degryse,BEL,MAR,11,,0,0,1994 FIFA World Cup Group F
1994,group,1994-06-19,David Embé,Embé,CMR,SWE,31,,0,0,1994 FIFA World Cup Group B
1994,group,1994-06-19,François Omam-Biyik,Omam-Biyik,CMR,SWE,47,,0,0,1994 FIFA World Cup Group B
1994,group,1994-06-19,Martin Dahlin,Dahlin,SWE,CMR,75,,0,0,1994 FIFA World Cup Group B
1994,group,1994-06-19,Kjetil Rekdal,Rekdal,NOR,MEX,84,,0,0,1994 FIFA World Cup Group E
1994,group,1994-06-20,Fuad Anwar,Anwar,KSA,NED,18,,0,0,1994 FIFA World Cup Group F
1994,group,1994-06-20,Romário,Romário,BRA,RUS,26,,0,0,1994 FIFA World Cup Group B
1994,group,1994-06-20,Wim Jonk,Jonk,NED,KSA,50,,0,0,1994 FIFA World Cup Group F
1994,group,1994-06-20,Raí,Raí,BRA,RUS,52,,1,0,1994 FIFA World Cup Group B
1994,group,1994-06-20,Gaston Taument,Taument,NED,KSA,86,,0,0,1994 FIFA World Cup Group F
1994,group,1994-06-21,Gabriel Batistuta,Batistuta,ARG,GRE,2,,0,0,1994 FIFA World Cup Group D
1994,group,1994-06-21,Ion Andoni Goikoetxea,Goikoetxea,ESP,GER,14,,0,0,1994 FIFA World Cup Group C
1994,group,1994-06-21,Rashidi Yekini,Yekini,NGA,BUL,21,,0,0,1994 FIFA World Cup Group D
1994,group,1994-06-21,Daniel Amokachi,Amokachi,NGA,BUL,43,,0,0,1994 FIFA World Cup Group D
1994,group,1994-06-21,Gabriel Batistuta,Batistuta,ARG,GRE,45,,0,0,1994 FIFA World Cup Group D
1994,group,1994-06-21,Jürgen Klinsmann,Klinsmann,GER,ESP,48,,0,0,1994 FIFA World Cup Group C
1994,group,1994-06-21,Emmanuel Amunike,Amunike,NGA,BUL,55,,0,0,1994 FIFA World Cup Group D
1994,group,1994-06-21,Diego Maradona,Maradona,ARG,GRE,60,,0,0,1994 FIFA World Cup Group D
1994,group,1994-06-21,Gabriel Batistuta,Batistuta,ARG,GRE,90,2,1,0,1994 FIFA World Cup Group D
1994,group,1994-06-22,Alain Sutter,Sutter,SUI,ROU,16,,0,0,1994 FIFA World Cup Group A
1994,group,1994-06-22,Andrés Escobar,Escobar,COL,USA,35,,0,1,1994 FIFA World Cup Group A
1994,group,1994-06-22,Gheorghe Hagi,Hagi,ROU,SUI,35,,0,0,1994 FIFA World Cup Group A
1994,group,1994-06-22,Earnie Stewart,Stewart,USA,COL,52,,0,0,1994 FIFA World Cup Group A
1994,group,1994-06-22,Stéphane Chapuisat,Chapuisat,SUI,ROU,52,,0,0,1994 FIFA World Cup Group A
1994,group,1994-06-22,Adrian Knup,Knup,SUI,ROU,65,,0,0,1994 FIFA World Cup Group A
1994,group,1994-06-22,Adrian Knup,Knup,SUI,ROU,72,,0,0,1994 FIFA World Cup Group A
1994,group,1994-06-22,Adolfo Valencia,Valencia,COL,USA,90,,0,0,1994 FIFA World Cup Group A
1994,group,1994-06-23,Dino Baggio,D. Baggio,ITA,NOR,69,,0,0,1994 FIFA World Cup Group E
1994,group,1994-06-24,Oleg Salenko,Salenko,RUS,SWE,4,,1,0,1994 FIFA World Cup Group B
1994,group,1994-06-24,Romário,Romário,BRA,CMR,39,,0,0,1994 FIFA World Cup Group B
1994,group,1994-06-24,Tomas Brolin,Brolin,SWE,RUS,39,,1,0,1994 FIFA World Cup Group B
1994,group,1994-06-24,Luis García Postigo,García,MEX,IRL,42,,0,0,1994 FIFA World Cup Group E
1994,group,1994-06-24,Martin Dahlin,Dahlin,SWE,RUS,60,,0,0,1994 FIFA World Cup Group B
1994,group,1994-06-24,Luis García Postigo,García,MEX,IRL,65,,0,0,1994 FIFA World Cup Group E
1994,group,1994-06-24,Márcio Roberto dos Santos,Márcio Santos,BRA,CMR,66,,0,0,1994 FIFA World Cup Group B
1994,group,1994-06-24,Bebeto,Bebeto,BRA,CMR,73,,0,0,1994 FIFA World Cup Group B
1994,group,1994-06-24,Martin Dahlin,Dahlin,SWE,RUS,82,,0,0,1994 FIFA World Cup Group B
1994,group,1994-06-24,John Aldridge,Aldridge,IRL,MEX,84,,0,0,1994 FIFA World Cup Group E
1994,group,1994-06-25,Sami Al-Jaber,Al-Jaber,KSA,MAR,7,,1,0,1994 FIFA World Cup Group F
1994,group,1994-06-25,Samson Siasia,Siasia,NGA,ARG,8,,0,0,1994 FIFA World Cup Group D
1994,group,1994-06-25,Claudio Caniggia,Caniggia,ARG,NGA,21,,0,0,1994 FIFA World Cup Group D
1994,group,1994-06-25,Mohammed Chaouch,Chaouch,MAR,KSA,26,,0,0,1994 FIFA World Cup Group F
1994,group,1994-06-25,Claudio Caniggia,Caniggia,ARG,NGA,28,,0,0,1994 FIFA World Cup Group D
1994,group,1994-06-25,Fuad Anwar,Anwar,KSA,MAR,45,,0,0,1994 FIFA World Cup Group F
1994,group,1994-06-25,Philippe Albert,Albert,BEL,NED,65,,0,0,1994 FIFA World Cup Group F
1994,group,1994-06-26,Hristo Stoichkov,Stoichkov,BUL,GRE,5,,1,0,1994 FIFA World Cup Group D
1994,group,1994-06-26,Dan Petrescu,Petrescu,ROU,USA,18,,0,0,1994 FIFA World Cup Group A
1994,group,1994-06-26,Hernán Gaviria,Gaviria,COL,SUI,44,,0,0,1994 FIFA World Cup Group A
1994,group,1994-06-26,Hristo Stoichkov,Stoichkov,BUL,GRE,55,,1,0,1994 FIFA World Cup Group D
1994,group,1994-06-26,Yordan Letchkov,Letchkov,BUL,GRE,65,,0,0,1994 FIFA World Cup Group D
1994,group,1994-06-26,Daniel Borimirov,Borimirov,BUL,GRE,90,,0,0,1994 FIFA World Cup Group D
1994,group,1994-06-26,Harold Lozano,Lozano,COL,SUI,90,,0,0,1994 FIFA World Cup Group A
1994,group,1994-06-27,Jürgen Klinsmann,Klinsmann,GER,KOR,12,,0,0,1994 FIFA World Cup Group C
1994,group,1994-06-27,Pep Guardiola,Guardiola,ESP,BOL,19,,1,0,1994 FIFA World Cup Group C
1994,group,1994-06-27,Karl-Heinz Riedle,Riedle,GER,KOR,20,,0,0,1994 FIFA World Cup Group C
1994,group,1994-06-27,Jürgen Klinsmann,Klinsmann,GER,KOR,37,,0,0,1994 FIFA World Cup Group C
1994,group,1994-06-27,Hwang Sun-hong,Hwang Sun-hong,KOR,GER,52,,0,0,1994 FIFA World Cup Group C
1994,group,1994-06-27,Hong Myung-bo,Hong Myung-bo,KOR,GER,63,,0,0,1994 FIFA World Cup Group C
1994,group,1994-06-27,José Luis Caminero,Caminero,ESP,BOL,66,,0,0,1994 FIFA World Cup Group C
1994,group,1994-06-27,Erwin Sánchez,E. Sánchez,BOL,ESP,67,,0,0,1994 FIFA World Cup Group C
1994,group,1994-06-27,José Luis Caminero,Caminero,ESP,BOL,70,,0,0,1994 FIFA World Cup Group C
1994,group,1994-06-28,Oleg Salenko,Salenko,RUS,CMR,15,,0,0,1994 FIFA World Cup Group B
1994,group,1994-06-28,Kennet Andersson,K. Andersson,SWE,BRA,23,,0,0,1994 FIFA World Cup Group B
1994,group,1994-06-28,Oleg Salenko,Salenko,RUS,CMR,41,,0,0,1994 FIFA World Cup Group B
1994,group,1994-06-28,Oleg Salenko,Salenko,RUS,CMR,44,,1,0,1994 FIFA World Cup Group B
1994,group,1994-06-28,Roger Milla,Milla,CMR,RUS,46,,0,0,1994 FIFA World Cup Group B
1994,group,1994-06-28,Romário,Romário,BRA,SWE,47,,0,0,1994 FIFA World Cup Group B
1994,group,1994-06-28,Daniele Massaro,Massaro,ITA,MEX,48,,0,0,1994 FIFA World Cup Group E
1994,group,1994-06-28,Marcelino Bernal,Bernal,MEX,ITA,57,,0,0,1994 FIFA World Cup Group E
1994,group,1994-06-28,Oleg Salenko,Salenko,RUS,CMR,72,,0,0,1994 FIFA World Cup Group B
1994,group,1994-06-28,Oleg Salenko,Salenko,RUS,CMR,75,,0,0,1994 FIFA World Cup Group B
1994,group,1994-06-28,Dmitri Radchenko,Radchenko,RUS,CMR,81,,0,0,1994 FIFA World Cup Group B
1994,group,1994-06-29,Saeed Al-Owairan,Al-Owairan,KSA,BEL,5,,0,0,1994 FIFA World Cup Group F
1994,group,1994-06-29,Dennis Bergkamp,Bergkamp,NED,MAR,43,,0,0,1994 FIFA World Cup Group F
1994,group,1994-06-29,Hassan Nader,Nader,MAR,NED,47,,0,0,1994 FIFA World Cup Group F
1994,group,1994-06-29,Bryan Roy,Roy,NED,MAR,77,,0,0,1994 FIFA World Cup Group F
1994,group,1994-06-30,Finidi George,George,NGA,GRE,45,2,0,0,1994 FIFA World Cup Group D
1994,group,1994-06-30,Hristo Stoichkov,Stoichkov,BUL,ARG,61,,0,0,1994 FIFA World Cup Group D
1994,group,1994-06-30,Nasko Sirakov,Sirakov,BUL,ARG,90,3,0,0,1994 FIFA World Cup Group D
1994,group,1994-06-30,Daniel Amokachi,Amokachi,NGA,GRE,90,5,0,0,1994 FIFA World Cup Group D
1994,round-of-16,1994-07-02,Rudi Völler,Völler,GER,BEL,6,,0,0,1994 FIFA World Cup knockout stage
1994,round-of-16,1994-07-02,Georges Grün,Grün,BEL,GER,8,,0,0,1994 FIFA World Cup knockout stage
1994,round-of-16,1994-07-02,Jürgen Klinsmann,Klinsmann,GER,BEL,11,,0,0,1994 FIFA World Cup knockout stage
1994,round-of-16,1994-07-02,Fernando Hierro,Hierro,ESP,SUI,15,,0,0,1994 FIFA World Cup knockout stage
1994,round-of-16,1994-07-02,Rudi Völler,Völler,GER,BEL,38,,0,0,1994 FIFA World Cup knockout stage
1994,round-of-16,1994-07-02,Luis Enrique (footballer),Luis Enrique,ESP,SUI,74,,0,0,1994 FIFA World Cup knockout stage
1994,round-of-16,1994-07-02,Txiki Begiristain,Begiristain,ESP,SUI,86,,1,0,1994 FIFA World Cup knockout stage
1994,round-of-16,1994-07-02,Philippe Albert,Albert,BEL,GER,90,,0,0,1994 FIFA World Cup knockout stage
1994,round-of-16,1994-07-03,Martin Dahlin,Dahlin,SWE,KSA,6,,0,0,1994 FIFA World Cup knockout stage
1994,round-of-16,1994-07-03,Ilie Dumitrescu,Dumitrescu,ROU,ARG,11,,0,0,1994 FIFA World Cup knockout stage
1994,round-of-16,1994-07-03,Gabriel Batistuta,Batistuta,ARG,ROU,16,,1,0,1994 FIFA World Cup knockout stage
1994,round-of-16,1994-07-03,Ilie Dumitrescu,Dumitrescu,ROU,ARG,18,,0,0,1994 FIFA World Cup knockout stage
1994,round-of-16,1994-07-03,Kennet Andersson,K. Andersson,SWE,KSA,51,,0,0,1994 FIFA World Cup knockout stage
1994,round-of-16,1994-07-03,Gheorghe Hagi,Hagi,ROU,ARG,58,,0,0,1994 FIFA World Cup knockout stage
1994,round-of-16,1994-07-03,Abel Balbo,Balbo,ARG,ROU,75,,0,0,1994 FIFA World Cup knockout stage
1994,round-of-16,1994-07-03,Fahad Al-Ghesheyan,Al-Ghesheyan,KSA,SWE,85,,0,0,1994 FIFA World Cup knockout stage
1994,round-of-16,1994-07-03,Kennet Andersson,K. Andersson,SWE,KSA,88,,0,0,1994 FIFA World Cup knockout stage
1994,round-of-16,1994-07-04,Dennis Bergkamp,Bergkamp,NED,IRL,11,,0,0,1994 FIFA World Cup knockout stage
1994,round-of-16,1994-07-04,Wim Jonk,Jonk,NED,IRL,41,,0,0,1994 FIFA World Cup knockout stage
1994,round-of-16,1994-07-04,Bebeto,Bebeto,BRA,USA,72,,0,0,1994 FIFA World Cup knockout stage
1994,round-of-16,1994-07-05,Hristo Stoichkov,Stoichkov,BUL,MEX,6,,0,0,1994 FIFA World Cup knockout stage
1994,round-of-16,1994-07-05,Alberto García Aspe,García Aspe,MEX,BUL,18,,1,0,1994 FIFA World Cup knockout stage
1994,round-of-16,1994-07-05,Emmanuel Amunike,Amunike,NGA,ITA,25,,0,0,1994 FIFA World Cup knockout stage
1994,round-of-16,1994-07-05,Roberto Baggio,R. Baggio,ITA,NGA,88,,0,0,1994 FIFA World Cup knockout stage
1994,round-of-16,1994-07-05,Roberto Baggio,R. Baggio,ITA,NGA,102,,1,0,1994 FIFA World Cup knockout stage
1994,quarter-final,1994-07-09,Dino Baggio,D. Baggio,ITA,ESP,25,,0,0,1994 FIFA World Cup knockout stage
1994,quarter-final,1994-07-09,Romário,Romário,BRA,NED,53,,0,0,1994 FIFA World Cup knockout stage
1994,quarter-final,1994-07-09,José Luis Caminero,Caminero,ESP,ITA,58,,0,0,1994 FIFA World Cup knockout stage
1994,quarter-final,1994-07-09,Bebeto,Bebeto,BRA,NED,63,,0,0,1994 FIFA World Cup knockout stage
1994,quarter-final,1994-07-09,Dennis Bergkamp,Bergkamp,NED,BRA,64,,0,0,1994 FIFA World Cup knockout stage
1994,quarter-final,1994-07-09,Aron Winter,Winter,NED,BRA,76,,0,0,1994 FIFA World Cup knockout stage
1994,quarter-final,1994-07-09,Branco (footballer),Branco,BRA,NED,81,,0,0,1994 FIFA World Cup knockout stage
1994,quarter-final,1994-07-09,Roberto Baggio,R. Baggio,ITA,ESP,88,,0,0,1994 FIFA World Cup knockout stage
1994,quarter-final,1994-07-10,Lothar Matthäus,Matthäus,GER,BUL,47,,1,0,1994 FIFA World Cup knockout stage
1994,quarter-final,1994-07-10,Hristo Stoichkov,Stoichkov,BUL,GER,75,,0,0,1994 FIFA World Cup knockout stage
1994,quarter-final,1994-07-10,Tomas Brolin,Brolin,SWE,ROU,78,,0,0,1994 FIFA World Cup knockout stage
1994,quarter-final,1994-07-10,Yordan Letchkov,Letchkov,BUL,GER,78,,0,0,1994 FIFA World Cup knockout stage
1994,quarter-final,1994-07-10,Florin Răducioiu,Răducioiu,ROU,SWE,88,,0,0,1994 FIFA World Cup knockout stage
1994,quarter-final,1994-07-10,Florin Răducioiu,Răducioiu,ROU,SWE,101,,0,0,1994 FIFA World Cup knockout stage
1994,quarter-final,1994-07-10,Kennet Andersson,K. Andersson,SWE,ROU,115,,0,0,1994 FIFA World Cup knockout stage
1994,semi-final,1994-07-13,Roberto Baggio,R. Baggio,ITA,BUL,21,,0,0,1994 FIFA World Cup knockout stage
1994,semi-final,1994-07-13,Roberto Baggio,R. Baggio,ITA,BUL,25,,0,0,1994 FIFA World Cup knockout stage
1994,semi-final,1994-07-13,Hristo Stoichkov,Stoichkov,BUL,ITA,44,,1,0,1994 FIFA World Cup knockout stage
1994,semi-final,1994-07-13,Romário,Romário,BRA,SWE,80,,0,0,1994 FIFA World Cup knockout stage
1994,third-place,1994-07-16,Tomas Brolin,Brolin,SWE,BUL,8,,0,0,1994 FIFA World Cup knockout stage
1994,third-place,1994-07-16,Håkan Mild,Mild,SWE,BUL,30,,0,0,1994 FIFA World Cup knockout stage
1994,third-place,1994-07-16,Henrik Larsson,Larsson,SWE,BUL,37,,0,0,1994 FIFA World Cup knockout stage
1994,third-place,1994-07-16,Kennet Andersson,K. Andersson,SWE,BUL,39,,0,0,1994 FIFA World Cup knockout stage
1998,group,1998-06-10,César Sampaio,César Sampaio,BRA,SCO,5,,0,0,1998 FIFA World Cup Group A
1998,group,1998-06-10,Mustapha Hadji,Hadji,MAR,NOR,37,,0,0,1998 FIFA World Cup Group A
1998,group,1998-06-10,"John Collins (footballer, born 1968)",Collins,SCO,BRA,38,,1,0,1998 FIFA World Cup Group A
1998,group,1998-06-10,Youssef Chippo,Chippo,MAR,NOR,45,1,0,1,1998 FIFA World Cup Group A
1998,group,1998-06-10,Abdeljalil Hadda,Hadda,MAR,NOR,60,,0,0,1998 FIFA World Cup Group A
1998,group,1998-06-10,Dan Eggen,Eggen,NOR,MAR,61,,0,0,1998 FIFA World Cup Group A
1998,group,1998-06-10,Tom Boyd (Scottish footballer),Boyd,SCO,BRA,74,,0,1,1998 FIFA World Cup Group A
1998,group,1998-06-11,Christian Vieri,Vieri,ITA,CHI,10,,0,0,1998 FIFA World Cup Group B
1998,group,1998-06-11,Marcelo Salas,Salas,CHI,ITA,45,3,0,0,1998 FIFA World Cup Group B
1998,group,1998-06-11,Marcelo Salas,Salas,CHI,ITA,50,,0,0,1998 FIFA World Cup Group B
1998,group,1998-06-11,Pierre Njanka,Njanka,CMR,AUT,77,,0,0,1998 FIFA World Cup Group B
1998,group,1998-06-11,Roberto Baggio,R. Baggio,ITA,CHI,84,,1,0,1998 FIFA World Cup Group B
1998,group,1998-06-11,Toni Polster,Polster,AUT,CMR,90,1,0,0,1998 FIFA World Cup Group B
1998,group,1998-06-12,Christophe Dugarry,Dugarry,FRA,RSA,36,,0,0,1998 FIFA World Cup Group C
1998,group,1998-06-12,Marc Rieper,Rieper,DEN,KSA,69,,0,0,1998 FIFA World Cup Group C
1998,group,1998-06-12,Pierre Issa,Issa,RSA,FRA,77,,0,1,1998 FIFA World Cup Group C
1998,group,1998-06-12,Thierry Henry,Henry,FRA,RSA,90,2,0,0,1998 FIFA World Cup Group C
1998,group,1998-06-13,Fernando Hierro,Hierro,ESP,NGA,21,,0,0,1998 FIFA World Cup Group D
1998,group,1998-06-13,Mutiu Adepoju,Adepoju,NGA,ESP,24,,0,0,1998 FIFA World Cup Group D
1998,group,1998-06-13,Ha Seok-ju,Ha Seok-ju,KOR,MEX,27,,0,0,1998 FIFA World Cup Group E
1998,group,1998-06-13,Raúl (footballer),Raúl,ESP,NGA,47,,0,0,1998 FIFA World Cup Group D
1998,group,1998-06-13,Ricardo Peláez,Peláez,MEX,KOR,50,,0,0,1998 FIFA World Cup Group E
1998,group,1998-06-13,Andoni Zubizarreta,Zubizarreta,ESP,NGA,73,,0,1,1998 FIFA World Cup Group D
1998,group,1998-06-13,"Luis Hernández (footballer, born 1968)",Hernández,MEX,KOR,75,,0,0,1998 FIFA World Cup Group E
1998,group,1998-06-13,Sunday Oliseh,Oliseh,NGA,ESP,78,,0,0,1998 FIFA World Cup Group D
1998,group,1998-06-13,"Luis Hernández (footballer, born 1968)",Hernández,MEX,KOR,84,,0,0,1998 FIFA World Cup Group E
1998,group,1998-06-14,Mario Stanić,Stanić,CRO,JAM,27,,0,0,1998 FIFA World Cup Group H
1998,group,1998-06-14,Gabriel Batistuta,Batistuta,ARG,JPN,28,,0,0,1998 FIFA World Cup Group H
1998,group,1998-06-14,Robbie Earle,Earle,JAM,CRO,45,,0,0,1998 FIFA World Cup Group H
1998,group,1998-06-14,Robert Prosinečki,Prosinečki,CRO,JAM,53,,0,0,1998 FIFA World Cup Group H
1998,group,1998-06-14,Davor Šuker,Šuker,CRO,JAM,69,,0,0,1998 FIFA World Cup Group H
1998,group,1998-06-14,Siniša Mihajlović,Mihajlović,YUG,IRN,73,,0,0,1998 FIFA World Cup Group F
1998,group,1998-06-15,Andreas Möller,Möller,GER,USA,9,,0,0,1998 FIFA World Cup Group F
1998,group,1998-06-15,Alan Shearer,Shearer,ENG,TUN,42,,0,0,1998 FIFA World Cup Group G
1998,group,1998-06-15,Adrian Ilie,Ilie,ROU,COL,45,1,0,0,1998 FIFA World Cup Group G
1998,group,1998-06-15,Jürgen Klinsmann,Klinsmann,GER,USA,65,,0,0,1998 FIFA World Cup Group F
1998,group,1998-06-15,Paul Scholes,Scholes,ENG,TUN,89,,0,0,1998 FIFA World Cup Group G
1998,group,1998-06-16,Ronaldo (Brazilian footballer),Ronaldo,BRA,MAR,9,,0,0,1998 FIFA World Cup Group A
1998,group,1998-06-16,Rivaldo,Rivaldo,BRA,MAR,45,2,0,0,1998 FIFA World Cup Group A
1998,group,1998-06-16,Håvard Flo,H. Flo,NOR,SCO,46,,0,0,1998 FIFA World Cup Group A
1998,group,1998-06-16,Bebeto,Bebeto,BRA,MAR,50,,0,0,1998 FIFA World Cup Group A
1998,group,1998-06-16,Craig Burley,Burley,SCO,NOR,66,,0,0,1998 FIFA World Cup Group A
1998,group,1998-06-17,Luigi Di Biagio,Di Biagio,ITA,CMR,7,,0,0,1998 FIFA World Cup Group B
1998,group,1998-06-17,Marcelo Salas,Salas,CHI,AUT,70,,0,0,1998 FIFA World Cup Group B
1998,group,1998-06-17,Christian Vieri,Vieri,ITA,CMR,75,,0,0,1998 FIFA World Cup Group B
1998,group,1998-06-17,Christian Vieri,Vieri,ITA,CMR,89,,0,0,1998 FIFA World Cup Group B
1998,group,1998-06-17,Ivica Vastić,Vastić,AUT,CHI,90,2,0,0,1998 FIFA World Cup Group B
1998,group,1998-06-18,Allan Nielsen,Nielsen,DEN,RSA,12,,0,0,1998 FIFA World Cup Group C
1998,group,1998-06-18,Thierry Henry,Henry,FRA,KSA,37,,0,0,1998 FIFA World Cup Group C
1998,group,1998-06-18,Benni McCarthy,McCarthy,RSA,DEN,51,,0,0,1998 FIFA World Cup Group C
1998,group,1998-06-18,David Trezeguet,Trezeguet,FRA,KSA,68,,0,0,1998 FIFA World Cup Group C
1998,group,1998-06-18,Thierry Henry,Henry,FRA,KSA,78,,0,0,1998 FIFA World Cup Group C
1998,group,1998-06-18,Bixente Lizarazu,Lizarazu,FRA,KSA,85,,0,0,1998 FIFA World Cup Group C
1998,group,1998-06-19,Victor Ikpeba,Ikpeba,NGA,BUL,28,,0,0,1998 FIFA World Cup Group D
1998,group,1998-06-20,Phillip Cocu,Cocu,NED,KOR,37,,0,0,1998 FIFA World Cup Group E
1998,group,1998-06-20,Marc Overmars,Overmars,NED,KOR,41,,0,0,1998 FIFA World Cup Group E
1998,group,1998-06-20,Marc Wilmots,Wilmots,BEL,MEX,42,,0,0,1998 FIFA World Cup Group E
1998,group,1998-06-20,Marc Wilmots,Wilmots,BEL,MEX,47,,0,0,1998 FIFA World Cup Group E
1998,group,1998-06-20,Alberto García Aspe,García Aspe,MEX,BEL,55,,1,0,1998 FIFA World Cup Group E
1998,group,1998-06-20,Cuauhtémoc Blanco,Blanco,MEX,BEL,62,,0,0,1998 FIFA World Cup Group E
1998,group,1998-06-20,Dennis Bergkamp,Bergkamp,NED,KOR,71,,0,0,1998 FIFA World Cup Group E
1998,group,1998-06-20,Davor Šuker,Šuker,CRO,JPN,77,,0,0,1998 FIFA World Cup Group H
1998,group,1998-06-20,Pierre van Hooijdonk,Van Hooijdonk,NED,KOR,80,,0,0,1998 FIFA World Cup Group E
1998,group,1998-06-20,Ronald de Boer,R. de Boer,NED,KOR,83,,0,0,1998 FIFA World Cup Group E
1998,group,1998-06-21,Predrag Mijatović,Mijatović,YUG,GER,13,,0,0,1998 FIFA World Cup Group F
1998,group,1998-06-21,Ariel Ortega,Ortega,ARG,JAM,31,,0,0,1998 FIFA World Cup Group H
1998,group,1998-06-21,Hamid Estili,Estili,IRN,USA,40,,0,0,United States v Iran (1998 FIFA World Cup)
1998,group,1998-06-21,Dragan Stojković,Stojković,YUG,GER,52,,0,0,1998 FIFA World Cup Group F
1998,group,1998-06-21,Ariel Ortega,Ortega,ARG,JAM,55,,0,0,1998 FIFA World Cup Group H
1998,group,1998-06-21,Siniša Mihajlović,Mihajlović,YUG,GER,72,,0,1,1998 FIFA World Cup Group F
1998,group,1998-06-21,Gabriel Batistuta,Batistuta,ARG,JAM,73,,0,0,1998 FIFA World Cup Group H
1998,group,1998-06-21,Gabriel Batistuta,Batistuta,ARG,JAM,78,,0,0,1998 FIFA World Cup Group H
1998,group,1998-06-21,Oliver Bierhoff,Bierhoff,GER,YUG,78,,0,0,1998 FIFA World Cup Group F
1998,group,1998-06-21,Gabriel Batistuta,Batistuta,ARG,JAM,83,,1,0,1998 FIFA World Cup Group H
1998,group,1998-06-21,Mehdi Mahdavikia,Mahdavikia,IRN,USA,84,,0,0,United States v Iran (1998 FIFA World Cup)
1998,group,1998-06-21,Brian McBride,McBride,USA,IRN,87,,0,0,United States v Iran (1998 FIFA World Cup)
1998,group,1998-06-22,Viorel Moldovan,Moldovan,ROU,ENG,46,,0,0,1998 FIFA World Cup Group G
1998,group,1998-06-22,Michael Owen,Owen,ENG,ROU,81,,0,0,1998 FIFA World Cup Group G
1998,group,1998-06-22,Léider Preciado,Preciado,COL,TUN,83,,0,0,1998 FIFA World Cup Group G
1998,group,1998-06-22,Dan Petrescu,Petrescu,ROU,ENG,90,,0,0,1998 FIFA World Cup Group G
1998,group,1998-06-23,"José Luis Sierra (footballer, born 1968)",Sierra,CHI,CMR,20,,0,0,1998 FIFA World Cup Group B
1998,group,1998-06-23,Salaheddine Bassir,Bassir,MAR,SCO,23,,0,0,1998 FIFA World Cup Group A
1998,group,1998-06-23,Abdeljalil Hadda,Hadda,MAR,SCO,46,,0,0,1998 FIFA World Cup Group A
1998,group,1998-06-23,Christian Vieri,Vieri,ITA,AUT,48,,0,0,1998 FIFA World Cup Group B
1998,group,1998-06-23,Patrick Mboma,Mboma,CMR,CHI,56,,0,0,1998 FIFA World Cup Group B
1998,group,1998-06-23,Bebeto,Bebeto,BRA,NOR,78,,0,0,1998 FIFA World Cup Group A
1998,group,1998-06-23,Tore André Flo,T. A. Flo,NOR,BRA,83,,0,0,1998 FIFA World Cup Group A
1998,group,1998-06-23,Salaheddine Bassir,Bassir,MAR,SCO,85,,0,0,1998 FIFA World Cup Group A
1998,group,1998-06-23,Kjetil Rekdal,Rekdal,NOR,BRA,89,,1,0,1998 FIFA World Cup Group A
1998,group,1998-06-23,Roberto Baggio,R. Baggio,ITA,AUT,90,,0,0,1998 FIFA World Cup Group B
1998,group,1998-06-23,Andreas Herzog,Herzog,AUT,ITA,90,2,1,0,1998 FIFA World Cup Group B
1998,group,1998-06-24,Celso Ayala,Ayala,PAR,NGA,1,,0,0,1998 FIFA World Cup Group D
1998,group,1998-06-24,Fernando Hierro,Hierro,ESP,BUL,6,,1,0,1998 FIFA World Cup Group D
1998,group,1998-06-24,Wilson Oruma,Oruma,NGA,PAR,11,,0,0,1998 FIFA World Cup Group D
1998,group,1998-06-24,Youri Djorkaeff,Djorkaeff,FRA,DEN,12,,1,0,1998 FIFA World Cup Group C
1998,group,1998-06-24,Luis Enrique,Luis Enrique,ESP,BUL,18,,0,0,1998 FIFA World Cup Group D
1998,group,1998-06-24,Shaun Bartlett,Bartlett,RSA,KSA,18,,0,0,1998 FIFA World Cup Group C
1998,group,1998-06-24,Michael Laudrup,M. Laudrup,DEN,FRA,42,,1,0,1998 FIFA World Cup Group C
1998,group,1998-06-24,Sami Al-Jaber,Al-Jaber,KSA,RSA,45,2,1,0,1998 FIFA World Cup Group C
1998,group,1998-06-24,Fernando Morientes,Morientes,ESP,BUL,55,,0,0,1998 FIFA World Cup Group D
1998,group,1998-06-24,Emmanuel Petit,Petit,FRA,DEN,56,,0,0,1998 FIFA World Cup Group C
1998,group,1998-06-24,Emil Kostadinov,Kostadinov,BUL,ESP,58,,0,0,1998 FIFA World Cup Group D
1998,group,1998-06-24,Miguel Ángel Benítez Pavón,Benítez,PAR,NGA,58,,0,0,1998 FIFA World Cup Group D
1998,group,1998-06-24,Yousuf Al-Thunayan,Al-Thunayan,KSA,RSA,74,,1,0,1998 FIFA World Cup Group C
1998,group,1998-06-24,Fernando Morientes,Morientes,ESP,BUL,81,,0,0,1998 FIFA World Cup Group D
1998,group,1998-06-24,José Cardozo,Cardozo,PAR,NGA,86,,0,0,1998 FIFA World Cup Group D
1998,group,1998-06-24,Georgi Bachev,Bachev,BUL,ESP,88,,0,1,1998 FIFA World Cup Group D
1998,group,1998-06-24,Shaun Bartlett,Bartlett,RSA,KSA,90,3,1,0,1998 FIFA World Cup Group C
1998,group,1998-06-24,"Kiko (footballer, born 1972)",Kiko,ESP,BUL,90,4,0,0,1998 FIFA World Cup Group D
1998,group,1998-06-25,Phillip Cocu,Cocu,NED,MEX,4,,0,0,1998 FIFA World Cup Group E
1998,group,1998-06-25,Slobodan Komljenović,Komljenović,YUG,USA,4,,0,0,1998 FIFA World Cup Group F
1998,group,1998-06-25,Luc Nilis,Nilis,BEL,KOR,7,,0,0,1998 FIFA World Cup Group E
1998,group,1998-06-25,Ronald de Boer,R. de Boer,NED,MEX,18,,0,0,1998 FIFA World Cup Group E
1998,group,1998-06-25,Oliver Bierhoff,Bierhoff,GER,IRN,50,,0,0,1998 FIFA World Cup Group F
1998,group,1998-06-25,Jürgen Klinsmann,Klinsmann,GER,IRN,57,,0,0,1998 FIFA World Cup Group F
1998,group,1998-06-25,Yoo Sang-chul,Yoo Sang-chul,KOR,BEL,72,,0,0,1998 FIFA World Cup Group E
1998,group,1998-06-25,Ricardo Peláez,Peláez,MEX,NED,75,,0,0,1998 FIFA World Cup Group E
1998,group,1998-06-25,"Luis Hernández (footballer, born 1968)",Hernández,MEX,NED,90,4,0,0,1998 FIFA World Cup Group E
1998,group,1998-06-26,Skander Souayah,Souayah,TUN,ROU,12,,1,0,1998 FIFA World Cup Group G
1998,group,1998-06-26,Darren Anderton,Anderton,ENG,COL,20,,0,0,1998 FIFA World Cup Group G
1998,group,1998-06-26,David Beckham,Beckham,ENG,COL,29,,0,0,1998 FIFA World Cup Group G
1998,group,1998-06-26,"Mauricio Pineda (footballer, born 1975)",Pineda,ARG,CRO,36,,0,0,1998 FIFA World Cup Group H
1998,group,1998-06-26,Theodore Whitmore,Whitmore,JAM,JPN,39,,0,0,1998 FIFA World Cup Group H
1998,group,1998-06-26,Theodore Whitmore,Whitmore,JAM,JPN,54,,0,0,1998 FIFA World Cup Group H
1998,group,1998-06-26,Viorel Moldovan,Moldovan,ROU,TUN,71,,0,0,1998 FIFA World Cup Group G
1998,group,1998-06-26,Masashi Nakayama,Nakayama,JPN,JAM,74,,0,0,1998 FIFA World Cup Group H
1998,round-of-16,1998-06-27,César Sampaio,César Sampaio,BRA,CHI,11,,0,0,1998 FIFA World Cup knockout stage
1998,round-of-16,1998-06-27,Christian Vieri,Vieri,ITA,NOR,18,,0,0,1998 FIFA World Cup knockout stage
1998,round-of-16,1998-06-27,César Sampaio,César Sampaio,BRA,CHI,26,,0,0,1998 FIFA World Cup knockout stage
1998,round-of-16,1998-06-27,Ronaldo (Brazilian footballer),Ronaldo,BRA,CHI,45,3,1,0,1998 FIFA World Cup knockout stage
1998,round-of-16,1998-06-27,Marcelo Salas,Salas,CHI,BRA,70,,0,0,1998 FIFA World Cup knockout stage
1998,round-of-16,1998-06-27,Ronaldo (Brazilian footballer),Ronaldo,BRA,CHI,72,,0,0,1998 FIFA World Cup knockout stage
1998,round-of-16,1998-06-28,Peter Møller,Møller,DEN,NGA,3,,0,0,1998 FIFA World Cup knockout stage
1998,round-of-16,1998-06-28,Brian Laudrup,B. Laudrup,DEN,NGA,12,,0,0,1998 FIFA World Cup knockout stage
1998,round-of-16,1998-06-28,Ebbe Sand,Sand,DEN,NGA,58,,0,0,1998 FIFA World Cup knockout stage
1998,round-of-16,1998-06-28,Thomas Helveg,Helveg,DEN,NGA,76,,0,0,1998 FIFA World Cup knockout stage
1998,round-of-16,1998-06-28,Tijani Babangida,Babangida,NGA,DEN,77,,0,0,1998 FIFA World Cup knockout stage
1998,round-of-16,1998-06-28,Laurent Blanc,Blanc,FRA,PAR,114,,0,0,1998 FIFA World Cup knockout stage
1998,round-of-16,1998-06-29,Dennis Bergkamp,Bergkamp,NED,YUG,38,,0,0,1998 FIFA World Cup knockout stage
1998,round-of-16,1998-06-29,"Luis Hernández (footballer, born 1968)",Hernández,MEX,GER,47,,0,0,1998 FIFA World Cup knockout stage
1998,round-of-16,1998-06-29,Slobodan Komljenović,Komljenović,YUG,NED,48,,0,0,1998 FIFA World Cup knockout stage
1998,round-of-16,1998-06-29,Jürgen Klinsmann,Klinsmann,GER,MEX,74,,0,0,1998 FIFA World Cup knockout stage
1998,round-of-16,1998-06-29,Oliver Bierhoff,Bierhoff,GER,MEX,86,,0,0,1998 FIFA World Cup knockout stage
1998,round-of-16,1998-06-29,Edgar Davids,Davids,NED,YUG,90,2,0,0,1998 FIFA World Cup knockout stage
1998,round-of-16,1998-06-30,Gabriel Batistuta,Batistuta,ARG,ENG,5,,1,0,1998 FIFA World Cup knockout stage
1998,round-of-16,1998-06-30,Alan Shearer,Shearer,ENG,ARG,9,,1,0,1998 FIFA World Cup knockout stage
1998,round-of-16,1998-06-30,Michael Owen,Owen,ENG,ARG,16,,0,0,1998 FIFA World Cup knockout stage
1998,round-of-16,1998-06-30,Javier Zanetti,Zanetti,ARG,ENG,45,1,0,0,1998 FIFA World Cup knockout stage
1998,round-of-16,1998-06-30,Davor Šuker,Šuker,CRO,ROU,45,2,1,0,1998 FIFA World Cup knockout stage
1998,quarter-final,1998-07-03,Martin Jørgensen,Jørgensen,DEN,BRA,2,,0,0,1998 FIFA World Cup knockout stage
1998,quarter-final,1998-07-03,Bebeto,Bebeto,BRA,DEN,10,,0,0,1998 FIFA World Cup knockout stage
1998,quarter-final,1998-07-03,Rivaldo,Rivaldo,BRA,DEN,25,,0,0,1998 FIFA World Cup knockout stage
1998,quarter-final,1998-07-03,Brian Laudrup,B. Laudrup,DEN,BRA,50,,0,0,1998 FIFA World Cup knockout stage
1998,quarter-final,1998-07-03,Rivaldo,Rivaldo,BRA,DEN,59,,0,0,1998 FIFA World Cup knockout stage
1998,quarter-final,1998-07-04,Patrick Kluivert,Kluivert,NED,ARG,12,,0,0,1998 FIFA World Cup knockout stage
1998,quarter-final,1998-07-04,Claudio López (footballer),López,ARG,NED,17,,0,0,1998 FIFA World Cup knockout stage
1998,quarter-final,1998-07-04,Robert Jarni,Jarni,CRO,GER,45,3,0,0,1998 FIFA World Cup knockout stage
1998,quarter-final,1998-07-04,Goran Vlaović,Vlaović,CRO,GER,80,,0,0,1998 FIFA World Cup knockout stage
1998,quarter-final,1998-07-04,Davor Šuker,Šuker,CRO,GER,85,,0,0,1998 FIFA World Cup knockout stage
1998,quarter-final,1998-07-04,Dennis Bergkamp,Bergkamp,NED,ARG,90,,0,0,1998 FIFA World Cup knockout stage
1998,semi-final,1998-07-07,Ronaldo (Brazilian footballer),Ronaldo,BRA,NED,46,,0,0,1998 FIFA World Cup knockout stage
1998,semi-final,1998-07-07,Patrick Kluivert,Kluivert,NED,BRA,87,,0,0,1998 FIFA World Cup knockout stage
1998,semi-final,1998-07-08,Davor Šuker,Šuker,CRO,FRA,46,,0,0,1998 FIFA World Cup knockout stage
1998,semi-final,1998-07-08,Lilian Thuram,Thuram,FRA,CRO,47,,0,0,1998 FIFA World Cup knockout stage
1998,semi-final,1998-07-08,Lilian Thuram,Thuram,FRA,CRO,70,,0,0,1998 FIFA World Cup knockout stage
1998,third-place,1998-07-11,Robert Prosinečki,Prosinečki,CRO,NED,14,,0,0,1998 FIFA World Cup knockout stage
1998,third-place,1998-07-11,Boudewijn Zenden,Zenden,NED,CRO,22,,0,0,1998 FIFA World Cup knockout stage
1998,third-place,1998-07-11,Davor Šuker,Šuker,CRO,NED,36,,0,0,1998 FIFA World Cup knockout stage
1998,final,1998-07-12,Zinedine Zidane,Zidane,FRA,BRA,27,,0,0,1998 FIFA World Cup final
1998,final,1998-07-12,Zinedine Zidane,Zidane,FRA,BRA,45,1,0,0,1998 FIFA World Cup final
1998,final,1998-07-12,Emmanuel Petit,Petit,FRA,BRA,90,3,0,0,1998 FIFA World Cup final
2002,group,2002-05-31,Papa Bouba Diop,Bouba Diop,SEN,FRA,30,,0,0,2002 FIFA World Cup Group A
2002,group,2002-06-01,Miroslav Klose,Klose,GER,KSA,20,,0,0,2002 FIFA World Cup Group E
2002,group,2002-06-01,Miroslav Klose,Klose,GER,KSA,25,,0,0,2002 FIFA World Cup Group E
2002,group,2002-06-01,Patrick M'Boma,M'Boma,CMR,IRL,39,,0,0,2002 FIFA World Cup Group E
2002,group,2002-06-01,Michael Ballack,Ballack,GER,KSA,40,,0,0,2002 FIFA World Cup Group E
2002,group,2002-06-01,Jon Dahl Tomasson,Tomasson,DEN,URU,45,,0,0,2002 FIFA World Cup Group A
2002,group,2002-06-01,Carsten Jancker,Jancker,GER,KSA,45,1,0,0,2002 FIFA World Cup Group E
2002,group,2002-06-01,Darío Rodríguez (Uruguayan footballer),Rodríguez,URU,DEN,47,,0,0,2002 FIFA World Cup Group A
2002,group,2002-06-01,Matt Holland,Holland,IRL,CMR,52,,0,0,2002 FIFA World Cup Group E
2002,group,2002-06-01,Miroslav Klose,Klose,GER,KSA,70,,0,0,2002 FIFA World Cup Group E
2002,group,2002-06-01,Thomas Linke,Linke,GER,KSA,73,,0,0,2002 FIFA World Cup Group E
2002,group,2002-06-01,Jon Dahl Tomasson,Tomasson,DEN,URU,83,,0,0,2002 FIFA World Cup Group A
2002,group,2002-06-01,Oliver Bierhoff,Bierhoff,GER,KSA,84,,0,0,2002 FIFA World Cup Group E
2002,group,2002-06-01,Bernd Schneider (footballer),Schneider,GER,KSA,90,1,0,0,2002 FIFA World Cup Group E
2002,group,2002-06-02,Sol Campbell,Campbell,ENG,SWE,24,,0,0,2002 FIFA World Cup Group F
2002,group,2002-06-02,Roque Santa Cruz,Santa Cruz,PAR,RSA,39,,0,0,2002 FIFA World Cup Group B
2002,group,2002-06-02,Raúl (footballer),Raúl,ESP,SVN,44,,0,0,2002 FIFA World Cup Group B
2002,group,2002-06-02,Francisco Arce,Arce,PAR,RSA,55,,0,0,2002 FIFA World Cup Group B
2002,group,2002-06-02,Niclas Alexandersson,Alexandersson,SWE,ENG,59,,0,0,2002 FIFA World Cup Group F
2002,group,2002-06-02,Gabriel Batistuta,Batistuta,ARG,NGA,63,,0,0,2002 FIFA World Cup Group F
2002,group,2002-06-02,"Teboho Mokoena (footballer, born 1974)",T. Mokoena,RSA,PAR,63,,0,0,2002 FIFA World Cup Group B
2002,group,2002-06-02,Juan Carlos Valerón,Valerón,ESP,SVN,74,,0,0,2002 FIFA World Cup Group B
2002,group,2002-06-02,Sebastjan Cimirotič,Cimirotič,SVN,ESP,82,,0,0,2002 FIFA World Cup Group B
2002,group,2002-06-02,Fernando Hierro,Hierro,ESP,SVN,87,,1,0,2002 FIFA World Cup Group B
2002,group,2002-06-02,Quinton Fortune,Fortune,RSA,PAR,90,1,1,0,2002 FIFA World Cup Group B
2002,group,2002-06-03,Christian Vieri,Vieri,ITA,ECU,7,,0,0,2002 FIFA World Cup Group G
2002,group,2002-06-03,Christian Vieri,Vieri,ITA,ECU,27,,0,0,2002 FIFA World Cup Group G
2002,group,2002-06-03,Hasan Şaş,Şaş,TUR,BRA,45,2,0,0,2002 FIFA World Cup Group C
2002,group,2002-06-03,Ronaldo (Brazilian footballer),Ronaldo,BRA,TUR,50,,0,0,2002 FIFA World Cup Group C
2002,group,2002-06-03,Cuauhtémoc Blanco,Blanco,MEX,CRO,60,,1,0,2002 FIFA World Cup Group G
2002,group,2002-06-03,Rivaldo,Rivaldo,BRA,TUR,87,,1,0,2002 FIFA World Cup Group C
2002,group,2002-06-04,Hwang Sun-hong,Hwang Sun-hong,KOR,POL,26,,0,0,2002 FIFA World Cup Group D
2002,group,2002-06-04,Yoo Sang-chul,Yoo Sang-chul,KOR,POL,53,,0,0,2002 FIFA World Cup Group D
2002,group,2002-06-04,Marc Wilmots,Wilmots,BEL,JPN,57,,0,0,2002 FIFA World Cup Group H
2002,group,2002-06-04,Takayuki Suzuki,Suzuki,JPN,BEL,59,,0,0,2002 FIFA World Cup Group H
2002,group,2002-06-04,Rónald Gómez,Gómez,CRC,CHN,61,,0,0,2002 FIFA World Cup Group C
2002,group,2002-06-04,Mauricio Wright,Wright,CRC,CHN,65,,0,0,2002 FIFA World Cup Group C
2002,group,2002-06-04,Junichi Inamoto,Inamoto,JPN,BEL,67,,0,0,2002 FIFA World Cup Group H
2002,group,2002-06-04,Peter Van der Heyden,Van der Heyden,BEL,JPN,75,,0,0,2002 FIFA World Cup Group H
2002,group,2002-06-05,John O'Brien (soccer),O'Brien,USA,POR,4,,0,0,2002 FIFA World Cup Group D
2002,group,2002-06-05,Miroslav Klose,Klose,GER,IRL,19,,0,0,2002 FIFA World Cup Group E
2002,group,2002-06-05,Jorge Costa (footballer),J. Costa,POR,USA,29,,0,1,2002 FIFA World Cup Group D
2002,group,2002-06-05,Brian McBride,McBride,USA,POR,36,,0,0,2002 FIFA World Cup Group D
2002,group,2002-06-05,"Beto (footballer, born May 1976)",Beto,POR,USA,39,,0,0,2002 FIFA World Cup Group D
2002,group,2002-06-05,Yegor Titov,Titov,RUS,TUN,59,,0,0,2002 FIFA World Cup Group H
2002,group,2002-06-05,Valery Karpin,Karpin,RUS,TUN,64,,1,0,2002 FIFA World Cup Group H
2002,group,2002-06-05,Jeff Agoos,Agoos,USA,POR,71,,0,1,2002 FIFA World Cup Group D
2002,group,2002-06-05,Robbie Keane,Robbie Keane,IRL,GER,90,2,0,0,2002 FIFA World Cup Group E
2002,group,2002-06-06,Jon Dahl Tomasson,Tomasson,DEN,SEN,16,,1,0,2002 FIFA World Cup Group A
2002,group,2002-06-06,Salif Diao,Diao,SEN,DEN,52,,0,0,2002 FIFA World Cup Group A
2002,group,2002-06-06,Samuel Eto'o,Eto'o,CMR,KSA,66,,0,0,2002 FIFA World Cup Group E
2002,group,2002-06-07,Carles Puyol,Puyol,ESP,PAR,10,,0,1,2002 FIFA World Cup Group B
2002,group,2002-06-07,Julius Aghahowa,Aghahowa,NGA,SWE,27,,0,0,2002 FIFA World Cup Group F
2002,group,2002-06-07,Henrik Larsson,Larsson,SWE,NGA,35,,0,0,2002 FIFA World Cup Group F
2002,group,2002-06-07,David Beckham,Beckham,ENG,ARG,44,,1,0,2002 FIFA World Cup Group F
2002,group,2002-06-07,Fernando Morientes,Morientes,ESP,PAR,53,,0,0,2002 FIFA World Cup Group B
2002,group,2002-06-07,Henrik Larsson,Larsson,SWE,NGA,63,,1,0,2002 FIFA World Cup Group F
2002,group,2002-06-07,Fernando Morientes,Morientes,ESP,PAR,69,,0,0,2002 FIFA World Cup Group B
2002,group,2002-06-07,Fernando Hierro,Hierro,ESP,PAR,83,,1,0,2002 FIFA World Cup Group B
2002,group,2002-06-08,Siyabonga Nomvethe,Nomvethe,RSA,SVN,4,,0,0,2002 FIFA World Cup Group B
2002,group,2002-06-08,Roberto Carlos,Roberto Carlos,BRA,CHN,15,,0,0,2002 FIFA World Cup Group C
2002,group,2002-06-08,Rivaldo,Rivaldo,BRA,CHN,32,,0,0,2002 FIFA World Cup Group C
2002,group,2002-06-08,Ronaldinho,Ronaldinho,BRA,CHN,45,,1,0,2002 FIFA World Cup Group C
2002,group,2002-06-08,Christian Vieri,Vieri,ITA,CRO,55,,0,0,2002 FIFA World Cup Group G
2002,group,2002-06-08,Ronaldo (Brazilian footballer),Ronaldo,BRA,CHN,55,,0,0,2002 FIFA World Cup Group C
2002,group,2002-06-08,Ivica Olić,Olić,CRO,ITA,73,,0,0,2002 FIFA World Cup Group G
2002,group,2002-06-08,Milan Rapaić,Rapaić,CRO,ITA,76,,0,0,2002 FIFA World Cup Group G
2002,group,2002-06-09,Agustín Delgado,Delgado,ECU,MEX,5,,0,0,2002 FIFA World Cup Group G
2002,group,2002-06-09,Jared Borgetti,Borgetti,MEX,ECU,28,,0,0,2002 FIFA World Cup Group G
2002,group,2002-06-09,Junichi Inamoto,Inamoto,JPN,RUS,51,,0,0,2002 FIFA World Cup Group H
2002,group,2002-06-09,Emre Belözoğlu,Belözoğlu,TUR,CRC,56,,0,0,2002 FIFA World Cup Group C
2002,group,2002-06-09,Gerardo Torrado,Torrado,MEX,ECU,57,,0,0,2002 FIFA World Cup Group G
2002,group,2002-06-09,Winston Parks,Parks,CRC,TUR,86,,0,0,2002 FIFA World Cup Group C
2002,group,2002-06-10,Marc Wilmots,Wilmots,BEL,TUN,13,,0,0,2002 FIFA World Cup Group H
2002,group,2002-06-10,Pauleta,Pauleta,POR,POL,14,,0,0,2002 FIFA World Cup Group D
2002,group,2002-06-10,Raouf Bouzaiene,Bouzaiene,TUN,BEL,17,,0,0,2002 FIFA World Cup Group H
2002,group,2002-06-10,Clint Mathis,Mathis,USA,KOR,24,,0,0,2002 FIFA World Cup Group D
2002,group,2002-06-10,Pauleta,Pauleta,POR,POL,65,,0,0,2002 FIFA World Cup Group D
2002,group,2002-06-10,Pauleta,Pauleta,POR,POL,77,,0,0,2002 FIFA World Cup Group D
2002,group,2002-06-10,Ahn Jung-hwan,Ahn Jung-hwan,KOR,USA,78,,0,0,2002 FIFA World Cup Group D
2002,group,2002-06-10,Rui Costa,Rui Costa,POR,POL,88,,0,0,2002 FIFA World Cup Group D
2002,group,2002-06-11,Robbie Keane,Robbie Keane,IRL,KSA,7,,0,0,2002 FIFA World Cup Group E
2002,group,2002-06-11,Khalilou Fadiga,Fadiga,SEN,URU,20,,1,0,2002 FIFA World Cup Group A
2002,group,2002-06-11,Dennis Rommedahl,Rommedahl,DEN,FRA,22,,0,0,2002 FIFA World Cup Group A
2002,group,2002-06-11,Papa Bouba Diop,Bouba Diop,SEN,URU,26,,0,0,2002 FIFA World Cup Group A
2002,group,2002-06-11,Papa Bouba Diop,Bouba Diop,SEN,URU,38,,0,0,2002 FIFA World Cup Group A
2002,group,2002-06-11,Richard Morales,Morales,URU,SEN,46,,0,0,2002 FIFA World Cup Group A
2002,group,2002-06-11,Marco Bode,Bode,GER,CMR,50,,0,0,2002 FIFA World Cup Group E
2002,group,2002-06-11,Gary Breen,Breen,IRL,KSA,61,,0,0,2002 FIFA World Cup Group E
2002,group,2002-06-11,Jon Dahl Tomasson,Tomasson,DEN,FRA,67,,0,0,2002 FIFA World Cup Group A
2002,group,2002-06-11,Diego Forlán,Forlán,URU,SEN,69,,0,0,2002 FIFA World Cup Group A
2002,group,2002-06-11,Miroslav Klose,Klose,GER,CMR,79,,0,0,2002 FIFA World Cup Group E
2002,group,2002-06-11,Damien Duff,Duff,IRL,KSA,87,,0,0,2002 FIFA World Cup Group E
2002,group,2002-06-11,Álvaro Recoba,Recoba,URU,SEN,88,,1,0,2002 FIFA World Cup Group A
2002,group,2002-06-12,Raúl (footballer),Raúl,ESP,RSA,4,,0,0,2002 FIFA World Cup Group B
2002,group,2002-06-12,Benni McCarthy,McCarthy,RSA,ESP,31,,0,0,2002 FIFA World Cup Group B
2002,group,2002-06-12,Gaizka Mendieta,Mendieta,ESP,RSA,45,1,0,0,2002 FIFA World Cup Group B
2002,group,2002-06-12,Milenko Ačimovič,Ačimovič,SVN,PAR,45,1,0,0,2002 FIFA World Cup Group B
2002,group,2002-06-12,Lucas Radebe,Radebe,RSA,ESP,53,,0,0,2002 FIFA World Cup Group B
2002,group,2002-06-12,Raúl (footballer),Raúl,ESP,RSA,56,,0,0,2002 FIFA World Cup Group B
2002,group,2002-06-12,"Anders Svensson (footballer, born 1976)",A. Svensson,SWE,ARG,59,,0,0,2002 FIFA World Cup Group F
2002,group,2002-06-12,Nelson Cuevas,Cuevas,PAR,SVN,65,,0,0,2002 FIFA World Cup Group B
2002,group,2002-06-12,Jorge Luis Campos,Campos,PAR,SVN,73,,0,0,2002 FIFA World Cup Group B
2002,group,2002-06-12,Nelson Cuevas,Cuevas,PAR,SVN,84,,0,0,2002 FIFA World Cup Group B
2002,group,2002-06-12,Hernán Crespo,Crespo,ARG,SWE,88,,0,0,2002 FIFA World Cup Group F
2002,group,2002-06-13,Hasan Şaş,Şaş,TUR,CHN,6,,0,0,2002 FIFA World Cup Group C
2002,group,2002-06-13,Bülent Korkmaz,Korkmaz,TUR,CHN,9,,0,0,2002 FIFA World Cup Group C
2002,group,2002-06-13,Ronaldo (Brazilian footballer),Ronaldo,BRA,CRC,10,,0,0,2002 FIFA World Cup Group C
2002,group,2002-06-13,Ronaldo (Brazilian footballer),Ronaldo,BRA,CRC,13,,0,0,2002 FIFA World Cup Group C
2002,group,2002-06-13,Jared Borgetti,Borgetti,MEX,ITA,34,,0,0,2002 FIFA World Cup Group G
2002,group,2002-06-13,"Edmílson (footballer, born 1976)",Edmílson,BRA,CRC,38,,0,0,2002 FIFA World Cup Group C
2002,group,2002-06-13,Paulo Wanchope,Wanchope,CRC,BRA,39,,0,0,2002 FIFA World Cup Group C
2002,group,2002-06-13,Édison Méndez,Méndez,ECU,CRO,48,,0,0,2002 FIFA World Cup Group G
2002,group,2002-06-13,Rónald Gómez,Gómez,CRC,BRA,56,,0,0,2002 FIFA World Cup Group C
2002,group,2002-06-13,Rivaldo,Rivaldo,BRA,CRC,62,,0,0,2002 FIFA World Cup Group C
2002,group,2002-06-13,Jenílson Ângelo de Souza,Júnior,BRA,CRC,64,,0,0,2002 FIFA World Cup Group C
2002,group,2002-06-13,Alessandro Del Piero,Del Piero,ITA,MEX,85,,0,0,2002 FIFA World Cup Group G
2002,group,2002-06-13,Ümit Davala,Davala,TUR,CHN,85,,0,0,2002 FIFA World Cup Group C
2002,group,2002-06-14,Emmanuel Olisadebe,Olisadebe,POL,USA,3,,0,0,2002 FIFA World Cup Group D
2002,group,2002-06-14,Paweł Kryszałowicz,Kryszałowicz,POL,USA,5,,0,0,2002 FIFA World Cup Group D
2002,group,2002-06-14,Johan Walem,Walem,BEL,RUS,7,,0,0,2002 FIFA World Cup Group H
2002,group,2002-06-14,Hiroaki Morishima,Morishima,JPN,TUN,48,,0,0,2002 FIFA World Cup Group H
2002,group,2002-06-14,Vladimir Beschastnykh,Beschastnykh,RUS,BEL,52,,0,0,2002 FIFA World Cup Group H
2002,group,2002-06-14,Marcin Żewłakow,Żewłakow,POL,USA,66,,0,0,2002 FIFA World Cup Group D
2002,group,2002-06-14,Park Ji-sung,Park Ji-sung,KOR,POR,70,,0,0,2002 FIFA World Cup Group D
2002,group,2002-06-14,Hidetoshi Nakata,H. Nakata,JPN,TUN,75,,0,0,2002 FIFA World Cup Group H
2002,group,2002-06-14,Wesley Sonck,Sonck,BEL,RUS,78,,0,0,2002 FIFA World Cup Group H
2002,group,2002-06-14,Marc Wilmots,Wilmots,BEL,RUS,82,,0,0,2002 FIFA World Cup Group H
2002,group,2002-06-14,Landon Donovan,Donovan,USA,POL,83,,0,0,2002 FIFA World Cup Group D
2002,group,2002-06-14,Dmitri Sychev,Sychev,RUS,BEL,88,,0,0,2002 FIFA World Cup Group H
2002,round-of-16,2002-06-15,Rio Ferdinand,Ferdinand,ENG,DEN,5,,0,0,2002 FIFA World Cup knockout stage
2002,round-of-16,2002-06-15,Michael Owen,Owen,ENG,DEN,22,,0,0,2002 FIFA World Cup knockout stage
2002,round-of-16,2002-06-15,Emile Heskey,Heskey,ENG,DEN,44,,0,0,2002 FIFA World Cup knockout stage
2002,round-of-16,2002-06-15,Oliver Neuville,Neuville,GER,PAR,88,,0,0,2002 FIFA World Cup knockout stage
2002,round-of-16,2002-06-16,Fernando Morientes,Morientes,ESP,IRL,8,,0,0,2002 FIFA World Cup knockout stage
2002,round-of-16,2002-06-16,Henrik Larsson,Larsson,SWE,SEN,11,,0,0,2002 FIFA World Cup knockout stage
2002,round-of-16,2002-06-16,Henri Camara,Camara,SEN,SWE,37,,0,0,2002 FIFA World Cup knockout stage
2002,round-of-16,2002-06-16,Robbie Keane,Rob. Keane,IRL,ESP,90,,1,0,2002 FIFA World Cup knockout stage
2002,round-of-16,2002-06-16,Henri Camara,Camara,SEN,SWE,104,,0,0,2002 FIFA World Cup knockout stage
2002,round-of-16,2002-06-17,Brian McBride,McBride,USA,MEX,8,,0,0,2002 FIFA World Cup knockout stage
2002,round-of-16,2002-06-17,Landon Donovan,Donovan,USA,MEX,65,,0,0,2002 FIFA World Cup knockout stage
2002,round-of-16,2002-06-17,Rivaldo,Rivaldo,BRA,BEL,67,,0,0,2002 FIFA World Cup knockout stage
2002,round-of-16,2002-06-17,Ronaldo (Brazilian footballer),Ronaldo,BRA,BEL,87,,0,0,2002 FIFA World Cup knockout stage
2002,round-of-16,2002-06-18,Ümit Davala,Davala,TUR,JPN,12,,0,0,2002 FIFA World Cup knockout stage
2002,round-of-16,2002-06-18,Christian Vieri,Vieri,ITA,KOR,18,,0,0,2002 FIFA World Cup knockout stage
2002,round-of-16,2002-06-18,Seol Ki-hyeon,Seol Ki-hyeon,KOR,ITA,88,,0,0,2002 FIFA World Cup knockout stage
2002,round-of-16,2002-06-18,Ahn Jung-hwan,Ahn Jung-hwan,KOR,ITA,117,,0,0,2002 FIFA World Cup knockout stage
2002,quarter-final,2002-06-21,Michael Owen,Owen,ENG,BRA,23,,0,0,2002 FIFA World Cup knockout stage
2002,quarter-final,2002-06-21,Michael Ballack,Ballack,GER,USA,39,,0,0,2002 FIFA World Cup knockout stage
2002,quarter-final,2002-06-21,Rivaldo,Rivaldo,BRA,ENG,45,2,0,0,2002 FIFA World Cup knockout stage
2002,quarter-final,2002-06-21,Ronaldinho,Ronaldinho,BRA,ENG,50,,0,0,2002 FIFA World Cup knockout stage
2002,quarter-final,2002-06-22,İlhan Mansız,Mansız,TUR,SEN,94,,0,0,2002 FIFA World Cup knockout stage
2002,semi-final,2002-06-25,Michael Ballack,Ballack,GER,KOR,75,,0,0,2002 FIFA World Cup knockout stage
2002,semi-final,2002-06-26,Ronaldo (Brazilian footballer),Ronaldo,BRA,TUR,49,,0,0,2002 FIFA World Cup knockout stage
2002,third-place,2002-06-29,Hakan Şükür,Şükür,TUR,KOR,1,,0,0,2002 FIFA World Cup knockout stage
2002,third-place,2002-06-29,Lee Eul-yong,Lee Eul-yong,KOR,TUR,9,,0,0,2002 FIFA World Cup knockout stage
2002,third-place,2002-06-29,İlhan Mansız,Mansız,TUR,KOR,13,,0,0,2002 FIFA World Cup knockout stage
2002,third-place,2002-06-29,İlhan Mansız,Mansız,TUR,KOR,32,,0,0,2002 FIFA World Cup knockout stage
2002,third-place,2002-06-29,Song Chong-gug,Song Chong-gug,KOR,TUR,90,3,0,0,2002 FIFA World Cup knockout stage
2002,final,2002-06-30,Ronaldo (Brazilian footballer),Ronaldo,BRA,GER,67,,0,0,2002 FIFA World Cup final
2002,final,2002-06-30,Ronaldo (Brazilian footballer),Ronaldo,BRA,GER,79,,0,0,2002 FIFA World Cup final
2006,group,2006-06-09,Philipp Lahm,Lahm,GER,CRC,6,,0,0,2006 FIFA World Cup Group A
2006,group,2006-06-09,Paulo Wanchope,Wanchope,CRC,GER,12,,0,0,2006 FIFA World Cup Group A
2006,group,2006-06-09,Miroslav Klose,Klose,GER,CRC,17,,0,0,2006 FIFA World Cup Group A
2006,group,2006-06-09,Carlos Tenorio,C. Tenorio,ECU,POL,24,,0,0,2006 FIFA World Cup Group A
2006,group,2006-06-09,Miroslav Klose,Klose,GER,CRC,61,,0,0,2006 FIFA World Cup Group A
2006,group,2006-06-09,Paulo Wanchope,Wanchope,CRC,GER,73,,0,0,2006 FIFA World Cup Group A
2006,group,2006-06-09,Agustín Delgado,Delgado,ECU,POL,80,,0,0,2006 FIFA World Cup Group A
2006,group,2006-06-09,Torsten Frings,Frings,GER,CRC,87,,0,0,2006 FIFA World Cup Group A
2006,group,2006-06-10,Carlos Gamarra,Gamarra,PAR,ENG,4,,0,1,2006 FIFA World Cup Group B
2006,group,2006-06-10,Hernán Crespo,Crespo,ARG,CIV,24,,0,0,2006 FIFA World Cup Group C
2006,group,2006-06-10,Javier Saviola,Saviola,ARG,CIV,38,,0,0,2006 FIFA World Cup Group C
2006,group,2006-06-10,Didier Drogba,Drogba,CIV,ARG,82,,0,0,2006 FIFA World Cup Group C
2006,group,2006-06-11,Pauleta,Pauleta,POR,ANG,4,,0,0,2006 FIFA World Cup Group D
2006,group,2006-06-11,Arjen Robben,Robben,NED,SCG,18,,0,0,2006 FIFA World Cup Group C
2006,group,2006-06-11,Omar Bravo,Bravo,MEX,IRN,28,,0,0,2006 FIFA World Cup Group D
2006,group,2006-06-11,Yahya Golmohammadi,Golmohammadi,IRN,MEX,36,,0,0,2006 FIFA World Cup Group D
2006,group,2006-06-11,Omar Bravo,Bravo,MEX,IRN,76,,0,0,2006 FIFA World Cup Group D
2006,group,2006-06-11,Sinha (footballer),Sinha,MEX,IRN,79,,0,0,2006 FIFA World Cup Group D
2006,group,2006-06-12,Jan Koller,Koller,CZE,USA,5,,0,0,2006 FIFA World Cup Group E
2006,group,2006-06-12,Shunsuke Nakamura,Nakamura,JPN,AUS,26,,0,0,2006 FIFA World Cup Group F
2006,group,2006-06-12,Tomáš Rosický,Rosický,CZE,USA,36,,0,0,2006 FIFA World Cup Group E
2006,group,2006-06-12,Andrea Pirlo,Pirlo,ITA,GHA,40,,0,0,2006 FIFA World Cup Group E
2006,group,2006-06-12,Tomáš Rosický,Rosický,CZE,USA,76,,0,0,2006 FIFA World Cup Group E
2006,group,2006-06-12,Vincenzo Iaquinta,Iaquinta,ITA,GHA,83,,0,0,2006 FIFA World Cup Group E
2006,group,2006-06-12,Tim Cahill,Cahill,AUS,JPN,84,,0,0,2006 FIFA World Cup Group F
2006,group,2006-06-12,Tim Cahill,Cahill,AUS,JPN,89,,0,0,2006 FIFA World Cup Group F
2006,group,2006-06-12,John Aloisi,Aloisi,AUS,JPN,90,2,0,0,2006 FIFA World Cup Group F
2006,group,2006-06-13,Mohamed Kader,Kader,TOG,KOR,31,,0,0,2006 FIFA World Cup Group G
2006,group,2006-06-13,Kaká,Kaká,BRA,CRO,44,,0,0,2006 FIFA World Cup Group F
2006,group,2006-06-13,Lee Chun-soo,Lee Chun-soo,KOR,TOG,54,,0,0,2006 FIFA World Cup Group G
2006,group,2006-06-13,Ahn Jung-hwan,Ahn Jung-hwan,KOR,TOG,72,,0,0,2006 FIFA World Cup Group G
2006,group,2006-06-14,Xabi Alonso,Alonso,ESP,UKR,13,,0,0,2006 FIFA World Cup Group H
2006,group,2006-06-14,David Villa,Villa,ESP,UKR,17,,0,0,2006 FIFA World Cup Group H
2006,group,2006-06-14,Ziad Jaziri,Jaziri,TUN,KSA,23,,0,0,2006 FIFA World Cup Group H
2006,group,2006-06-14,David Villa,Villa,ESP,UKR,48,,1,0,2006 FIFA World Cup Group H
2006,group,2006-06-14,Yasser Al Qahtani,Al-Qahtani,KSA,TUN,57,,0,0,2006 FIFA World Cup Group H
2006,group,2006-06-14,Fernando Torres,Torres,ESP,UKR,81,,0,0,2006 FIFA World Cup Group H
2006,group,2006-06-14,Sami Al Jaber,Al-Jaber,KSA,TUN,84,,0,0,2006 FIFA World Cup Group H
2006,group,2006-06-14,Oliver Neuville,Neuville,GER,POL,90,1,0,0,2006 FIFA World Cup Group A
2006,group,2006-06-14,Radhi Jaïdi,Jaïdi,TUN,KSA,90,2,0,0,2006 FIFA World Cup Group H
2006,group,2006-06-15,Carlos Tenorio,C. Tenorio,ECU,CRC,8,,0,0,2006 FIFA World Cup Group A
2006,group,2006-06-15,Agustín Delgado,Delgado,ECU,CRC,54,,0,0,2006 FIFA World Cup Group A
2006,group,2006-06-15,Peter Crouch,Crouch,ENG,TRI,83,,0,0,2006 FIFA World Cup Group B
2006,group,2006-06-15,Freddie Ljungberg,Ljungberg,SWE,PAR,89,,0,0,2006 FIFA World Cup Group B
2006,group,2006-06-15,Steven Gerrard,Gerrard,ENG,TRI,90,1,0,0,2006 FIFA World Cup Group B
2006,group,2006-06-15,Iván Kaviedes,Kaviedes,ECU,CRC,90,2,0,0,2006 FIFA World Cup Group A
2006,group,2006-06-16,Maxi Rodríguez,Rodríguez,ARG,SCG,6,,0,0,2006 FIFA World Cup Group C
2006,group,2006-06-16,Robin van Persie,Van Persie,NED,CIV,23,,0,0,2006 FIFA World Cup Group C
2006,group,2006-06-16,Ruud van Nistelrooy,Van Nistelrooy,NED,CIV,27,,0,0,2006 FIFA World Cup Group C
2006,group,2006-06-16,Esteban Cambiasso,Cambiasso,ARG,SCG,31,,0,0,2006 FIFA World Cup Group C
2006,group,2006-06-16,Bakari Koné,B. Koné,CIV,NED,38,,0,0,2006 FIFA World Cup Group C
2006,group,2006-06-16,Maxi Rodríguez,Rodríguez,ARG,SCG,41,,0,0,2006 FIFA World Cup Group C
2006,group,2006-06-16,Hernán Crespo,Crespo,ARG,SCG,78,,0,0,2006 FIFA World Cup Group C
2006,group,2006-06-16,Carlos Tevez,Tevez,ARG,SCG,84,,0,0,2006 FIFA World Cup Group C
2006,group,2006-06-16,Lionel Messi,Messi,ARG,SCG,88,,0,0,2006 FIFA World Cup Group C
2006,group,2006-06-17,Asamoah Gyan,Gyan,GHA,CZE,2,,0,0,2006 FIFA World Cup Group E
2006,group,2006-06-17,Alberto Gilardino,Gilardino,ITA,USA,22,,0,0,2006 FIFA World Cup Group E
2006,group,2006-06-17,Cristian Zaccardo,Zaccardo,ITA,USA,27,,0,1,2006 FIFA World Cup Group E
2006,group,2006-06-17,Deco,Deco,POR,IRN,63,,0,0,2006 FIFA World Cup Group D
2006,group,2006-06-17,Cristiano Ronaldo,Ronaldo,POR,IRN,80,,1,0,2006 FIFA World Cup Group D
2006,group,2006-06-17,Sulley Muntari,Muntari,GHA,CZE,82,,0,0,2006 FIFA World Cup Group E
2006,group,2006-06-18,Thierry Henry,Henry,FRA,KOR,9,,0,0,2006 FIFA World Cup Group G
2006,group,2006-06-18,"Adriano (footballer, born February 1982)",Adriano,BRA,AUS,49,,0,0,2006 FIFA World Cup Group F
2006,group,2006-06-18,Park Ji-sung,Park Ji-sung,KOR,FRA,81,,0,0,2006 FIFA World Cup Group G
2006,group,2006-06-18,"Fred (footballer, born 1983)",Fred,BRA,AUS,90,,0,0,2006 FIFA World Cup Group F
2006,group,2006-06-19,Andriy Rusol,Rusol,UKR,KSA,4,,0,0,2006 FIFA World Cup Group H
2006,group,2006-06-19,Jawhar Mnari,Mnari,TUN,ESP,8,,0,0,2006 FIFA World Cup Group H
2006,group,2006-06-19,Alexander Frei,Frei,SUI,TOG,16,,0,0,2006 FIFA World Cup Group G
2006,group,2006-06-19,Serhii Rebrov,Rebrov,UKR,KSA,36,,0,0,2006 FIFA World Cup Group H
2006,group,2006-06-19,Andriy Shevchenko,Shevchenko,UKR,KSA,46,,0,0,2006 FIFA World Cup Group H
2006,group,2006-06-19,Raúl (footballer),Raúl,ESP,TUN,71,,0,0,2006 FIFA World Cup Group H
2006,group,2006-06-19,Fernando Torres,Torres,ESP,TUN,76,,0,0,2006 FIFA World Cup Group H
2006,group,2006-06-19,Maksym Kalynychenko,Kalynychenko,UKR,KSA,84,,0,0,2006 FIFA World Cup Group H
2006,group,2006-06-19,Tranquillo Barnetta,Barnetta,SUI,TOG,88,,0,0,2006 FIFA World Cup Group G
2006,group,2006-06-19,Fernando Torres,Torres,ESP,TUN,90,1,1,0,2006 FIFA World Cup Group H
2006,group,2006-06-20,Miroslav Klose,Klose,GER,ECU,4,,0,0,2006 FIFA World Cup Group A
2006,group,2006-06-20,Brent Sancho,Sancho,TRI,PAR,25,,0,1,2006 FIFA World Cup Group B
2006,group,2006-06-20,Rónald Gómez,Gómez,CRC,POL,25,,0,0,2006 FIFA World Cup Group A
2006,group,2006-06-20,Bartosz Bosacki,Bosacki,POL,CRC,33,,0,0,2006 FIFA World Cup Group A
2006,group,2006-06-20,Joe Cole,J. Cole,ENG,SWE,34,,0,0,2006 FIFA World Cup Group B
2006,group,2006-06-20,Miroslav Klose,Klose,GER,ECU,44,,0,0,2006 FIFA World Cup Group A
2006,group,2006-06-20,Marcus Allbäck,Allbäck,SWE,ENG,51,,0,0,2006 FIFA World Cup Group B
2006,group,2006-06-20,Lukas Podolski,Podolski,GER,ECU,57,,0,0,2006 FIFA World Cup Group A
2006,group,2006-06-20,Bartosz Bosacki,Bosacki,POL,CRC,65,,0,0,2006 FIFA World Cup Group A
2006,group,2006-06-20,Steven Gerrard,Gerrard,ENG,SWE,85,,0,0,2006 FIFA World Cup Group B
2006,group,2006-06-20,Nelson Cuevas,Cuevas,PAR,TRI,86,,0,0,2006 FIFA World Cup Group B
2006,group,2006-06-20,Henrik Larsson,Larsson,SWE,ENG,90,,0,0,2006 FIFA World Cup Group B
2006,group,2006-06-21,Maniche,Maniche,POR,MEX,6,,0,0,2006 FIFA World Cup Group D
2006,group,2006-06-21,Nikola Žigić,Žigić,SCG,CIV,10,,0,0,2006 FIFA World Cup Group C
2006,group,2006-06-21,"Saša Ilić (footballer, born 1977)",Ilić,SCG,CIV,20,,0,0,2006 FIFA World Cup Group C
2006,group,2006-06-21,Simão Sabrosa,Simão,POR,MEX,24,,1,0,2006 FIFA World Cup Group D
2006,group,2006-06-21,Francisco Fonseca,Fonseca,MEX,POR,29,,0,0,2006 FIFA World Cup Group D
2006,group,2006-06-21,Aruna Dindane,Dindane,CIV,SCG,37,,1,0,2006 FIFA World Cup Group C
2006,group,2006-06-21,Flávio Amado,Flávio,ANG,IRN,60,,0,0,2006 FIFA World Cup Group D
2006,group,2006-06-21,Aruna Dindane,Dindane,CIV,SCG,67,,0,0,2006 FIFA World Cup Group C
2006,group,2006-06-21,Sohrab Bakhtiarizadeh,Bakhtiarizadeh,IRN,ANG,75,,0,0,2006 FIFA World Cup Group D
2006,group,2006-06-21,Bonaventure Kalou,Kalou,CIV,SCG,86,,1,0,2006 FIFA World Cup Group C
2006,group,2006-06-22,Darijo Srna,Srna,CRO,AUS,2,,0,0,2006 FIFA World Cup Group F
2006,group,2006-06-22,Haminu Draman,Draman,GHA,USA,22,,0,0,2006 FIFA World Cup Group E
2006,group,2006-06-22,Marco Materazzi,Materazzi,ITA,CZE,26,,0,0,2006 FIFA World Cup Group E
2006,group,2006-06-22,Keiji Tamada,Tamada,JPN,BRA,34,,0,0,2006 FIFA World Cup Group F
2006,group,2006-06-22,Craig Moore,Moore,AUS,CRO,38,,1,0,2006 FIFA World Cup Group F
2006,group,2006-06-22,Clint Dempsey,Dempsey,USA,GHA,43,,0,0,2006 FIFA World Cup Group E
2006,group,2006-06-22,Ronaldo (Brazilian footballer),Ronaldo,BRA,JPN,45,1,0,0,2006 FIFA World Cup Group F
2006,group,2006-06-22,Stephen Appiah,Appiah,GHA,USA,45,2,1,0,2006 FIFA World Cup Group E
2006,group,2006-06-22,Juninho Pernambucano,Juninho,BRA,JPN,53,,0,0,2006 FIFA World Cup Group F
2006,group,2006-06-22,Niko Kovač,N. Kovač,CRO,AUS,56,,0,0,2006 FIFA World Cup Group F
2006,group,2006-06-22,"Gilberto (footballer, born 1976)",Gilberto,BRA,JPN,59,,0,0,2006 FIFA World Cup Group F
2006,group,2006-06-22,Harry Kewell,Kewell,AUS,CRO,79,,0,0,2006 FIFA World Cup Group F
2006,group,2006-06-22,Ronaldo (Brazilian footballer),Ronaldo,BRA,JPN,81,,0,0,2006 FIFA World Cup Group F
2006,group,2006-06-22,Filippo Inzaghi,Inzaghi,ITA,CZE,87,,0,0,2006 FIFA World Cup Group E
2006,group,2006-06-23,Philippe Senderos,Senderos,SUI,KOR,23,,0,0,2006 FIFA World Cup Group G
2006,group,2006-06-23,"Juanito (footballer, born 1976)",Juanito,ESP,KSA,36,,0,0,2006 FIFA World Cup Group H
2006,group,2006-06-23,Patrick Vieira,Vieira,FRA,TOG,55,,0,0,2006 FIFA World Cup Group G
2006,group,2006-06-23,Thierry Henry,Henry,FRA,TOG,61,,0,0,2006 FIFA World Cup Group G
2006,group,2006-06-23,Andriy Shevchenko,Shevchenko,UKR,TUN,70,,1,0,2006 FIFA World Cup Group H
2006,group,2006-06-23,Alexander Frei,Frei,SUI,KOR,77,,0,0,2006 FIFA World Cup Group G
2006,round-of-16,2006-06-24,Lukas Podolski,Podolski,GER,SWE,4,,0,0,2006 FIFA World Cup knockout stage
2006,round-of-16,2006-06-24,Rafael Márquez,Márquez,MEX,ARG,6,,0,0,2006 FIFA World Cup knockout stage
2006,round-of-16,2006-06-24,Hernán Crespo,Crespo,ARG,MEX,10,,0,0,2006 FIFA World Cup knockout stage
2006,round-of-16,2006-06-24,Lukas Podolski,Podolski,GER,SWE,12,,0,0,2006 FIFA World Cup knockout stage
2006,round-of-16,2006-06-24,Maxi Rodríguez,Rodríguez,ARG,MEX,98,,0,0,2006 FIFA World Cup knockout stage
2006,round-of-16,2006-06-25,Maniche,Maniche,POR,NED,23,,0,0,Battle of Nuremberg (2006 FIFA World Cup)
2006,round-of-16,2006-06-25,David Beckham,Beckham,ENG,ECU,60,,0,0,2006 FIFA World Cup knockout stage
2006,round-of-16,2006-06-26,Francesco Totti,Totti,ITA,AUS,90,5,1,0,2006 FIFA World Cup knockout stage
2006,round-of-16,2006-06-27,Ronaldo (Brazilian footballer),Ronaldo,BRA,GHA,5,,0,0,2006 FIFA World Cup knockout stage
2006,round-of-16,2006-06-27,David Villa,Villa,ESP,FRA,28,,1,0,2006 FIFA World Cup knockout stage
2006,round-of-16,2006-06-27,Franck Ribéry,Ribéry,FRA,ESP,41,,0,0,2006 FIFA World Cup knockout stage
2006,round-of-16,2006-06-27,"Adriano (footballer, born February 1982)",Adriano,BRA,GHA,45,1,0,0,2006 FIFA World Cup knockout stage
2006,round-of-16,2006-06-27,Patrick Vieira,Vieira,FRA,ESP,83,,0,0,2006 FIFA World Cup knockout stage
2006,round-of-16,2006-06-27,Zé Roberto,Zé Roberto,BRA,GHA,84,,0,0,2006 FIFA World Cup knockout stage
2006,round-of-16,2006-06-27,Zinedine Zidane,Zidane,FRA,ESP,90,2,0,0,2006 FIFA World Cup knockout stage
2006,quarter-final,2006-06-30,Gianluca Zambrotta,Zambrotta,ITA,UKR,6,,0,0,2006 FIFA World Cup knockout stage
2006,quarter-final,2006-06-30,Roberto Ayala,Ayala,ARG,GER,49,,0,0,2006 FIFA World Cup knockout stage
2006,quarter-final,2006-06-30,Luca Toni,Toni,ITA,UKR,59,,0,0,2006 FIFA World Cup knockout stage
2006,quarter-final,2006-06-30,Luca Toni,Toni,ITA,UKR,69,,0,0,2006 FIFA World Cup knockout stage
2006,quarter-final,2006-06-30,Miroslav Klose,Klose,GER,ARG,80,,0,0,2006 FIFA World Cup knockout stage
2006,quarter-final,2006-07-01,Thierry Henry,Henry,FRA,BRA,57,,0,0,2006 FIFA World Cup knockout stage
2006,semi-final,2006-07-04,Fabio Grosso,Grosso,ITA,GER,119,,0,0,2006 FIFA World Cup knockout stage
2006,semi-final,2006-07-04,Alessandro Del Piero,Del Piero,ITA,GER,120,1,0,0,2006 FIFA World Cup knockout stage
2006,semi-final,2006-07-05,Zinedine Zidane,Zidane,FRA,POR,33,,1,0,2006 FIFA World Cup knockout stage
2006,third-place,2006-07-08,Bastian Schweinsteiger,Schweinsteiger,GER,POR,56,,0,0,2006 FIFA World Cup knockout stage
2006,third-place,2006-07-08,Petit (Portuguese footballer),Petit,POR,GER,60,,0,1,2006 FIFA World Cup knockout stage
2006,third-place,2006-07-08,Bastian Schweinsteiger,Schweinsteiger,GER,POR,78,,0,0,2006 FIFA World Cup knockout stage
2006,third-place,2006-07-08,Nuno Gomes,Nuno Gomes,POR,GER,88,,0,0,2006 FIFA World Cup knockout stage
2006,final,2006-07-09,Zinedine Zidane,Zidane,FRA,ITA,7,,1,0,2006 FIFA World Cup final
2006,final,2006-07-09,Marco Materazzi,Materazzi,ITA,FRA,19,,0,0,2006 FIFA World Cup final
2010,group,2010-06-11,Siphiwe Tshabalala,Tshabalala,RSA,MEX,55,,0,0,2010 FIFA World Cup Group A
2010,group,2010-06-11,Rafael Márquez,Márquez,MEX,RSA,79,,0,0,2010 FIFA World Cup Group A
2010,group,2010-06-12,Steven Gerrard,Gerrard,ENG,USA,4,,0,0,2010 FIFA World Cup Group C
2010,group,2010-06-12,Gabriel Heinze,Heinze,ARG,NGA,6,,0,0,2010 FIFA World Cup Group B
2010,group,2010-06-12,Lee Jung-soo,Lee Jung-soo,KOR,GRE,7,,0,0,2010 FIFA World Cup Group B
2010,group,2010-06-12,Clint Dempsey,Dempsey,USA,ENG,40,,0,0,2010 FIFA World Cup Group C
2010,group,2010-06-12,Park Ji-sung,Park Ji-sung,KOR,GRE,52,,0,0,2010 FIFA World Cup Group B
2010,group,2010-06-13,Lukas Podolski,Podolski,GER,AUS,8,,0,0,2010 FIFA World Cup Group D
2010,group,2010-06-13,Miroslav Klose,Klose,GER,AUS,26,,0,0,2010 FIFA World Cup Group D
2010,group,2010-06-13,Thomas Müller,Müller,GER,AUS,68,,0,0,2010 FIFA World Cup Group D
2010,group,2010-06-13,Cacau,Cacau,GER,AUS,70,,0,0,2010 FIFA World Cup Group D
2010,group,2010-06-13,Robert Koren,Koren,SVN,ALG,79,,0,0,2010 FIFA World Cup Group C
2010,group,2010-06-13,Asamoah Gyan,Gyan,GHA,SRB,85,,1,0,2010 FIFA World Cup Group D
2010,group,2010-06-14,Antolín Alcaraz,Alcaraz,PAR,ITA,39,,0,0,2010 FIFA World Cup Group F
2010,group,2010-06-14,Keisuke Honda,Honda,JPN,CMR,39,,0,0,2010 FIFA World Cup Group E
2010,group,2010-06-14,Daniel Agger,Agger,DEN,NED,46,,0,1,2010 FIFA World Cup Group E
2010,group,2010-06-14,Daniele De Rossi,De Rossi,ITA,PAR,63,,0,0,2010 FIFA World Cup Group F
2010,group,2010-06-14,Dirk Kuyt,Kuyt,NED,DEN,85,,0,0,2010 FIFA World Cup Group E
2010,group,2010-06-15,Róbert Vittek,Vittek,SVK,NZL,50,,0,0,2010 FIFA World Cup Group F
2010,group,2010-06-15,Maicon Sisenando,Maicon,BRA,PRK,55,,0,0,2010 FIFA World Cup Group G
2010,group,2010-06-15,Elano,Elano,BRA,PRK,72,,0,0,2010 FIFA World Cup Group G
2010,group,2010-06-15,Ji Yun-nam,Ji Yun-nam,PRK,BRA,89,,0,0,2010 FIFA World Cup Group G
2010,group,2010-06-15,Winston Reid (footballer),Reid,NZL,SVK,90,3,0,0,2010 FIFA World Cup Group F
2010,group,2010-06-16,Diego Forlán,Forlán,URU,RSA,24,,0,0,2010 FIFA World Cup Group A
2010,group,2010-06-16,Jean Beausejour,Beausejour,CHI,HON,34,,0,0,2010 FIFA World Cup Group H
2010,group,2010-06-16,Gelson Fernandes,Fernandes,SUI,ESP,52,,0,0,2010 FIFA World Cup Group H
2010,group,2010-06-16,Diego Forlán,Forlán,URU,RSA,80,,1,0,2010 FIFA World Cup Group A
2010,group,2010-06-16,Álvaro Pereira,Á. Pereira,URU,RSA,90,5,0,0,2010 FIFA World Cup Group A
2010,group,2010-06-17,Kalu Uche,Uche,NGA,GRE,16,,0,0,2010 FIFA World Cup Group B
2010,group,2010-06-17,Park Chu-young,Park Chu-young,KOR,ARG,17,,0,1,2010 FIFA World Cup Group B
2010,group,2010-06-17,Gonzalo Higuaín,Higuaín,ARG,KOR,33,,0,0,2010 FIFA World Cup Group B
2010,group,2010-06-17,Dimitris Salpingidis,Salpingidis,GRE,NGA,44,,0,0,2010 FIFA World Cup Group B
2010,group,2010-06-17,Lee Chung-yong,Lee Chung-yong,KOR,ARG,45,1,0,0,2010 FIFA World Cup Group B
2010,group,2010-06-17,Javier Hernández,Hernández,MEX,FRA,64,,0,0,2010 FIFA World Cup Group A
2010,group,2010-06-17,Vasilis Torosidis,Torosidis,GRE,NGA,71,,0,0,2010 FIFA World Cup Group B
2010,group,2010-06-17,Gonzalo Higuaín,Higuaín,ARG,KOR,76,,0,0,2010 FIFA World Cup Group B
2010,group,2010-06-17,Cuauhtémoc Blanco,Blanco,MEX,FRA,79,,1,0,2010 FIFA World Cup Group A
2010,group,2010-06-17,Gonzalo Higuaín,Higuaín,ARG,KOR,80,,0,0,2010 FIFA World Cup Group B
2010,group,2010-06-18,Valter Birsa,Birsa,SVN,USA,13,,0,0,2010 FIFA World Cup Group C
2010,group,2010-06-18,"Milan Jovanović (footballer, born 1981)",Jovanović,SRB,GER,38,,0,0,2010 FIFA World Cup Group D
2010,group,2010-06-18,Zlatan Ljubijankić,Ljubijankić,SVN,USA,42,,0,0,2010 FIFA World Cup Group C
2010,group,2010-06-18,Landon Donovan,Donovan,USA,SVN,48,,0,0,2010 FIFA World Cup Group C
2010,group,2010-06-18,Michael Bradley (soccer),Bradley,USA,SVN,82,,0,0,2010 FIFA World Cup Group C
2010,group,2010-06-19,Samuel Eto'o,Eto'o,CMR,DEN,10,,0,0,2010 FIFA World Cup Group E
2010,group,2010-06-19,Brett Holman,Holman,AUS,GHA,11,,0,0,2010 FIFA World Cup Group D
2010,group,2010-06-19,Asamoah Gyan,Gyan,GHA,AUS,25,,1,0,2010 FIFA World Cup Group D
2010,group,2010-06-19,Nicklas Bendtner,Bendtner,DEN,CMR,33,,0,0,2010 FIFA World Cup Group E
2010,group,2010-06-19,Wesley Sneijder,Sneijder,NED,JPN,53,,0,0,2010 FIFA World Cup Group E
2010,group,2010-06-19,Dennis Rommedahl,Rommedahl,DEN,CMR,61,,0,0,2010 FIFA World Cup Group E
2010,group,2010-06-20,Shane Smeltz,Smeltz,NZL,ITA,7,,0,0,2010 FIFA World Cup Group F
2010,group,2010-06-20,Luís Fabiano,Luís Fabiano,BRA,CIV,25,,0,0,2010 FIFA World Cup Group G
2010,group,2010-06-20,Enrique Vera,Vera,PAR,SVK,27,,0,0,2010 FIFA World Cup Group F
2010,group,2010-06-20,Vincenzo Iaquinta,Iaquinta,ITA,NZL,29,,1,0,2010 FIFA World Cup Group F
2010,group,2010-06-20,Luís Fabiano,Luís Fabiano,BRA,CIV,50,,0,0,2010 FIFA World Cup Group G
2010,group,2010-06-20,Elano,Elano,BRA,CIV,62,,0,0,2010 FIFA World Cup Group G
2010,group,2010-06-20,Didier Drogba,Drogba,CIV,BRA,79,,0,0,2010 FIFA World Cup Group G
2010,group,2010-06-20,Cristian Riveros,Riveros,PAR,SVK,86,,0,0,2010 FIFA World Cup Group F
2010,group,2010-06-21,David Villa,Villa,ESP,HON,17,,0,0,2010 FIFA World Cup Group H
2010,group,2010-06-21,Raul Meireles,Meireles,POR,PRK,29,,0,0,2010 FIFA World Cup Group G
2010,group,2010-06-21,David Villa,Villa,ESP,HON,51,,0,0,2010 FIFA World Cup Group H
2010,group,2010-06-21,Simão Sabrosa,Simão,POR,PRK,53,,0,0,2010 FIFA World Cup Group G
2010,group,2010-06-21,Hugo Almeida,Almeida,POR,PRK,56,,0,0,2010 FIFA World Cup Group G
2010,group,2010-06-21,Tiago Mendes,Tiago,POR,PRK,60,,0,0,2010 FIFA World Cup Group G
2010,group,2010-06-21,Mark González,González,CHI,SUI,75,,0,0,2010 FIFA World Cup Group H
2010,group,2010-06-21,Liédson,Liédson,POR,PRK,81,,0,0,2010 FIFA World Cup Group G
2010,group,2010-06-21,Cristiano Ronaldo,Ronaldo,POR,PRK,87,,0,0,2010 FIFA World Cup Group G
2010,group,2010-06-21,Tiago Mendes,Tiago,POR,PRK,89,,0,0,2010 FIFA World Cup Group G
2010,group,2010-06-22,Kalu Uche,Uche,NGA,KOR,12,,0,0,2010 FIFA World Cup Group B
2010,group,2010-06-22,Bongani Khumalo,Khumalo,RSA,FRA,20,,0,0,2010 FIFA World Cup Group A
2010,group,2010-06-22,Katlego Mphela,Mphela,RSA,FRA,37,,0,0,2010 FIFA World Cup Group A
2010,group,2010-06-22,Lee Jung-soo,Lee Jung-soo,KOR,NGA,38,,0,0,2010 FIFA World Cup Group B
2010,group,2010-06-22,Luis Suárez,Suárez,URU,MEX,43,,0,0,2010 FIFA World Cup Group A
2010,group,2010-06-22,Park Chu-young,Park Chu-young,KOR,NGA,49,,0,0,2010 FIFA World Cup Group B
2010,group,2010-06-22,Yakubu (footballer),Yakubu,NGA,KOR,69,,1,0,2010 FIFA World Cup Group B
2010,group,2010-06-22,Florent Malouda,Malouda,FRA,RSA,70,,0,0,2010 FIFA World Cup Group A
2010,group,2010-06-22,Martín Demichelis,Demichelis,ARG,GRE,77,,0,0,2010 FIFA World Cup Group B
2010,group,2010-06-22,Martín Palermo,Palermo,ARG,GRE,89,,0,0,2010 FIFA World Cup Group B
2010,group,2010-06-23,Jermain Defoe,Defoe,ENG,SVN,23,,0,0,2010 FIFA World Cup Group C
2010,group,2010-06-23,Mesut Özil,Özil,GER,GHA,60,,0,0,2010 FIFA World Cup Group D
2010,group,2010-06-23,Tim Cahill,Cahill,AUS,SRB,69,,0,0,2010 FIFA World Cup Group D
2010,group,2010-06-23,Brett Holman,Holman,AUS,SRB,73,,0,0,2010 FIFA World Cup Group D
2010,group,2010-06-23,Marko Pantelić,Pantelić,SRB,AUS,84,,0,0,2010 FIFA World Cup Group D
2010,group,2010-06-23,Landon Donovan,Donovan,USA,ALG,90,1,0,0,2010 FIFA World Cup Group C
2010,group,2010-06-24,Keisuke Honda,Honda,JPN,DEN,17,,0,0,2010 FIFA World Cup Group E
2010,group,2010-06-24,Róbert Vittek,Vittek,SVK,ITA,25,,0,0,2010 FIFA World Cup Group F
2010,group,2010-06-24,Yasuhito Endō,Endō,JPN,DEN,30,,0,0,2010 FIFA World Cup Group E
2010,group,2010-06-24,Robin van Persie,Van Persie,NED,CMR,36,,0,0,2010 FIFA World Cup Group E
2010,group,2010-06-24,Samuel Eto'o,Eto'o,CMR,NED,65,,1,0,2010 FIFA World Cup Group E
2010,group,2010-06-24,Róbert Vittek,Vittek,SVK,ITA,73,,0,0,2010 FIFA World Cup Group F
2010,group,2010-06-24,Antonio Di Natale,Di Natale,ITA,SVK,81,,0,0,2010 FIFA World Cup Group F
2010,group,2010-06-24,Jon Dahl Tomasson,Tomasson,DEN,JPN,81,,0,0,2010 FIFA World Cup Group E
2010,group,2010-06-24,Klaas-Jan Huntelaar,Huntelaar,NED,CMR,83,,0,0,2010 FIFA World Cup Group E
2010,group,2010-06-24,Shinji Okazaki,Okazaki,JPN,DEN,87,,0,0,2010 FIFA World Cup Group E
2010,group,2010-06-24,Kamil Kopúnek,Kopúnek,SVK,ITA,89,,0,0,2010 FIFA World Cup Group F
2010,group,2010-06-24,Fabio Quagliarella,Quagliarella,ITA,SVK,90,2,0,0,2010 FIFA World Cup Group F
2010,group,2010-06-25,Yaya Touré,Y. Touré,CIV,PRK,14,,0,0,2010 FIFA World Cup Group G
2010,group,2010-06-25,Romaric (footballer),Romaric,CIV,PRK,20,,0,0,2010 FIFA World Cup Group G
2010,group,2010-06-25,David Villa,Villa,ESP,CHI,24,,0,0,2010 FIFA World Cup Group H
2010,group,2010-06-25,Andrés Iniesta,Iniesta,ESP,CHI,37,,0,0,2010 FIFA World Cup Group H
2010,group,2010-06-25,Rodrigo Millar,Millar,CHI,ESP,47,,0,0,2010 FIFA World Cup Group H
2010,group,2010-06-25,Salomon Kalou,Kalou,CIV,PRK,82,,0,0,2010 FIFA World Cup Group G
2010,round-of-16,2010-06-26,Kevin-Prince Boateng,Boateng,GHA,USA,5,,0,0,2010 FIFA World Cup knockout stage
2010,round-of-16,2010-06-26,Luis Suárez,Suárez,URU,KOR,8,,0,0,2010 FIFA World Cup knockout stage
2010,round-of-16,2010-06-26,Landon Donovan,Donovan,USA,GHA,62,,1,0,2010 FIFA World Cup knockout stage
2010,round-of-16,2010-06-26,Lee Chung-yong,Lee Chung-yong,KOR,URU,68,,0,0,2010 FIFA World Cup knockout stage
2010,round-of-16,2010-06-26,Luis Suárez,Suárez,URU,KOR,80,,0,0,2010 FIFA World Cup knockout stage
2010,round-of-16,2010-06-26,Asamoah Gyan,Gyan,GHA,USA,93,,0,0,2010 FIFA World Cup knockout stage
2010,round-of-16,2010-06-27,Miroslav Klose,Klose,GER,ENG,20,,0,0,2010 FIFA World Cup knockout stage
2010,round-of-16,2010-06-27,Carlos Tevez,Tevez,ARG,MEX,26,,0,0,2010 FIFA World Cup knockout stage
2010,round-of-16,2010-06-27,Lukas Podolski,Podolski,GER,ENG,32,,0,0,2010 FIFA World Cup knockout stage
2010,round-of-16,2010-06-27,Gonzalo Higuaín,Higuaín,ARG,MEX,33,,0,0,2010 FIFA World Cup knockout stage
2010,round-of-16,2010-06-27,Matthew Upson,Upson,ENG,GER,37,,0,0,2010 FIFA World Cup knockout stage
2010,round-of-16,2010-06-27,Carlos Tevez,Tevez,ARG,MEX,52,,0,0,2010 FIFA World Cup knockout stage
2010,round-of-16,2010-06-27,Thomas Müller,Müller,GER,ENG,67,,0,0,2010 FIFA World Cup knockout stage
2010,round-of-16,2010-06-27,Thomas Müller,Müller,GER,ENG,70,,0,0,2010 FIFA World Cup knockout stage
2010,round-of-16,2010-06-27,Javier Hernández,Hernández,MEX,ARG,71,,0,0,2010 FIFA World Cup knockout stage
2010,round-of-16,2010-06-28,Arjen Robben,Robben,NED,SVK,18,,0,0,2010 FIFA World Cup knockout stage
2010,round-of-16,2010-06-28,"Juan (footballer, born 1979)",Juan,BRA,CHI,35,,0,0,2010 FIFA World Cup knockout stage
2010,round-of-16,2010-06-28,Luís Fabiano,Luís Fabiano,BRA,CHI,38,,0,0,2010 FIFA World Cup knockout stage
2010,round-of-16,2010-06-28,Robinho,Robinho,BRA,CHI,59,,0,0,2010 FIFA World Cup knockout stage
2010,round-of-16,2010-06-28,Wesley Sneijder,Sneijder,NED,SVK,84,,0,0,2010 FIFA World Cup knockout stage
2010,round-of-16,2010-06-28,Róbert Vittek,Vittek,SVK,NED,90,4,1,0,2010 FIFA World Cup knockout stage
2010,round-of-16,2010-06-29,David Villa,Villa,ESP,POR,63,,0,0,2010 FIFA World Cup knockout stage
2010,quarter-final,2010-07-02,Robinho,Robinho,BRA,NED,10,,0,0,2010 FIFA World Cup knockout stage
2010,quarter-final,2010-07-02,Sulley Muntari,Muntari,GHA,URU,45,2,0,0,2010 FIFA World Cup knockout stage
2010,quarter-final,2010-07-02,Wesley Sneijder,Sneijder,NED,BRA,53,,0,0,2010 FIFA World Cup knockout stage
2010,quarter-final,2010-07-02,Diego Forlán,Forlán,URU,GHA,55,,0,0,2010 FIFA World Cup knockout stage
2010,quarter-final,2010-07-02,Wesley Sneijder,Sneijder,NED,BRA,68,,0,0,2010 FIFA World Cup knockout stage
2010,quarter-final,2010-07-03,Thomas Müller,Müller,GER,ARG,3,,0,0,2010 FIFA World Cup knockout stage
2010,quarter-final,2010-07-03,Miroslav Klose,Klose,GER,ARG,68,,0,0,2010 FIFA World Cup knockout stage
2010,quarter-final,2010-07-03,Arne Friedrich,Friedrich,GER,ARG,74,,0,0,2010 FIFA World Cup knockout stage
2010,quarter-final,2010-07-03,David Villa,Villa,ESP,PAR,83,,0,0,2010 FIFA World Cup knockout stage
2010,quarter-final,2010-07-03,Miroslav Klose,Klose,GER,ARG,89,,0,0,2010 FIFA World Cup knockout stage
2010,semi-final,2010-07-06,Giovanni van Bronckhorst,Van Bronckhorst,NED,URU,18,,0,0,2010 FIFA World Cup knockout stage
2010,semi-final,2010-07-06,Diego Forlán,Forlán,URU,NED,41,,0,0,2010 FIFA World Cup knockout stage
2010,semi-final,2010-07-06,Wesley Sneijder,Sneijder,NED,URU,70,,0,0,2010 FIFA World Cup knockout stage
2010,semi-final,2010-07-06,Arjen Robben,Robben,NED,URU,73,,0,0,2010 FIFA World Cup knockout stage
2010,semi-final,2010-07-06,Maxi Pereira,M. Pereira,URU,NED,90,2,0,0,2010 FIFA World Cup knockout stage
2010,semi-final,2010-07-07,Carles Puyol,Puyol,ESP,GER,73,,0,0,2010 FIFA World Cup knockout stage
2010,third-place,2010-07-10,Thomas Müller,Müller,GER,URU,19,,0,0,2010 FIFA World Cup knockout stage
2010,third-place,2010-07-10,Edinson Cavani,Cavani,URU,GER,28,,0,0,2010 FIFA World Cup knockout stage
2010,third-place,2010-07-10,Diego Forlán,Forlán,URU,GER,51,,0,0,2010 FIFA World Cup knockout stage
2010,third-place,2010-07-10,Marcell Jansen,Jansen,GER,URU,56,,0,0,2010 FIFA World Cup knockout stage
2010,third-place,2010-07-10,Sami Khedira,Khedira,GER,URU,82,,0,0,2010 FIFA World Cup knockout stage
2010,final,2010-07-11,Andrés Iniesta,Iniesta,ESP,NED,116,,0,0,2010 FIFA World Cup final
2014,group,2014-06-12,"Marcelo (footballer, born 1988)",Marcelo,BRA,CRO,12,,0,1,2014 FIFA World Cup Group A
2014,group,2014-06-12,Neymar,Neymar,BRA,CRO,29,,0,0,2014 FIFA World Cup Group A
2014,group,2014-06-12,Neymar,Neymar,BRA,CRO,71,,1,0,2014 FIFA World Cup Group A
2014,group,2014-06-12,"Oscar (footballer, born 1991)",Oscar,BRA,CRO,90,1,0,0,2014 FIFA World Cup Group A
2014,group,2014-06-13,Alexis Sánchez,Sánchez,CHI,AUS,12,,0,0,2014 FIFA World Cup Group B
2014,group,2014-06-13,Jorge Valdivia,Valdivia,CHI,AUS,14,,0,0,2014 FIFA World Cup Group B
2014,group,2014-06-13,Xabi Alonso,Alonso,ESP,NED,27,,1,0,2014 FIFA World Cup Group B
2014,group,2014-06-13,Tim Cahill,Cahill,AUS,CHI,35,,0,0,2014 FIFA World Cup Group B
2014,group,2014-06-13,Robin van Persie,Van Persie,NED,ESP,44,,0,0,2014 FIFA World Cup Group B
2014,group,2014-06-13,Arjen Robben,Robben,NED,ESP,53,,0,0,2014 FIFA World Cup Group B
2014,group,2014-06-13,Oribe Peralta,Peralta,MEX,CMR,61,,0,0,2014 FIFA World Cup Group A
2014,group,2014-06-13,Stefan de Vrij,De Vrij,NED,ESP,64,,0,0,2014 FIFA World Cup Group B
2014,group,2014-06-13,Robin van Persie,Van Persie,NED,ESP,72,,0,0,2014 FIFA World Cup Group B
2014,group,2014-06-13,Arjen Robben,Robben,NED,ESP,80,,0,0,2014 FIFA World Cup Group B
2014,group,2014-06-13,Jean Beausejour,Beausejour,CHI,AUS,90,2,0,0,2014 FIFA World Cup Group B
2014,group,2014-06-14,Pablo Armero,Armero,COL,GRE,5,,0,0,2014 FIFA World Cup Group C
2014,group,2014-06-14,Keisuke Honda,Honda,JPN,CIV,16,,0,0,2014 FIFA World Cup Group C
2014,group,2014-06-14,Edinson Cavani,Cavani,URU,CRC,24,,1,0,2014 FIFA World Cup Group D
2014,group,2014-06-14,Claudio Marchisio,Marchisio,ITA,ENG,35,,0,0,2014 FIFA World Cup Group D
2014,group,2014-06-14,Daniel Sturridge,Sturridge,ENG,ITA,37,,0,0,2014 FIFA World Cup Group D
2014,group,2014-06-14,Mario Balotelli,Balotelli,ITA,ENG,50,,0,0,2014 FIFA World Cup Group D
2014,group,2014-06-14,Joel Campbell,Campbell,CRC,URU,54,,0,0,2014 FIFA World Cup Group D
2014,group,2014-06-14,"Óscar Duarte (footballer, born 1989)",Duarte,CRC,URU,57,,0,0,2014 FIFA World Cup Group D
2014,group,2014-06-14,Teófilo Gutiérrez,Gutiérrez,COL,GRE,58,,0,0,2014 FIFA World Cup Group C
2014,group,2014-06-14,Wilfried Bony,Bony,CIV,JPN,64,,0,0,2014 FIFA World Cup Group C
2014,group,2014-06-14,Gervinho,Gervinho,CIV,JPN,66,,0,0,2014 FIFA World Cup Group C
2014,group,2014-06-14,Marco Ureña,Ureña,CRC,URU,84,,0,0,2014 FIFA World Cup Group D
2014,group,2014-06-14,James Rodríguez,Rodríguez,COL,GRE,90,3,0,0,2014 FIFA World Cup Group C
2014,group,2014-06-15,Sead Kolašinac,Kolašinac,BIH,ARG,3,,0,1,2014 FIFA World Cup Group F
2014,group,2014-06-15,Enner Valencia,E. Valencia,ECU,SUI,22,,0,0,2014 FIFA World Cup Group E
2014,group,2014-06-15,Karim Benzema,Benzema,FRA,HON,45,,1,0,2014 FIFA World Cup Group E
2014,group,2014-06-15,Admir Mehmedi,Mehmedi,SUI,ECU,48,,0,0,2014 FIFA World Cup Group E
2014,group,2014-06-15,Noel Valladares,Valladares,HON,FRA,48,,0,1,2014 FIFA World Cup Group E
2014,group,2014-06-15,Lionel Messi,Messi,ARG,BIH,65,,0,0,2014 FIFA World Cup Group F
2014,group,2014-06-15,Karim Benzema,Benzema,FRA,HON,72,,0,0,2014 FIFA World Cup Group E
2014,group,2014-06-15,Vedad Ibišević,Ibišević,BIH,ARG,85,,0,0,2014 FIFA World Cup Group F
2014,group,2014-06-15,Haris Seferovic,Seferovic,SUI,ECU,90,3,0,0,2014 FIFA World Cup Group E
2014,group,2014-06-16,Clint Dempsey,Dempsey,USA,GHA,1,,0,0,2014 FIFA World Cup Group G
2014,group,2014-06-16,Thomas Müller,Müller,GER,POR,12,,1,0,2014 FIFA World Cup Group G
2014,group,2014-06-16,Mats Hummels,Hummels,GER,POR,32,,0,0,2014 FIFA World Cup Group G
2014,group,2014-06-16,Thomas Müller,Müller,GER,POR,45,1,0,0,2014 FIFA World Cup Group G
2014,group,2014-06-16,Thomas Müller,Müller,GER,POR,78,,0,0,2014 FIFA World Cup Group G
2014,group,2014-06-16,André Ayew,A. Ayew,GHA,USA,82,,0,0,2014 FIFA World Cup Group G
2014,group,2014-06-16,"John Brooks (soccer, born 1993)",Brooks,USA,GHA,86,,0,0,2014 FIFA World Cup Group G
2014,group,2014-06-17,Sofiane Feghouli,Feghouli,ALG,BEL,25,,1,0,2014 FIFA World Cup Group H
2014,group,2014-06-17,"Lee Keun-ho (footballer, born 1985)",Lee Keun-ho,KOR,RUS,68,,0,0,2014 FIFA World Cup Group H
2014,group,2014-06-17,Marouane Fellaini,Fellaini,BEL,ALG,70,,0,0,2014 FIFA World Cup Group H
2014,group,2014-06-17,Aleksandr Kerzhakov,Kerzhakov,RUS,KOR,74,,0,0,2014 FIFA World Cup Group H
2014,group,2014-06-17,Dries Mertens,Mertens,BEL,ALG,80,,0,0,2014 FIFA World Cup Group H
2014,group,2014-06-18,Ivica Olić,Olić,CRO,CMR,11,,0,0,2014 FIFA World Cup Group A
2014,group,2014-06-18,Arjen Robben,Robben,NED,AUS,20,,0,0,2014 FIFA World Cup Group B
2014,group,2014-06-18,Eduardo Vargas,Vargas,CHI,ESP,20,,0,0,2014 FIFA World Cup Group B
2014,group,2014-06-18,Tim Cahill,Cahill,AUS,NED,21,,0,0,2014 FIFA World Cup Group B
2014,group,2014-06-18,Charles Aránguiz,Aránguiz,CHI,ESP,43,,0,0,2014 FIFA World Cup Group B
2014,group,2014-06-18,Ivan Perišić,Perišić,CRO,CMR,48,,0,0,2014 FIFA World Cup Group A
2014,group,2014-06-18,Mile Jedinak,Jedinak,AUS,NED,54,,1,0,2014 FIFA World Cup Group B
2014,group,2014-06-18,Robin van Persie,Van Persie,NED,AUS,58,,0,0,2014 FIFA World Cup Group B
2014,group,2014-06-18,Mario Mandžukić,Mandžukić,CRO,CMR,61,,0,0,2014 FIFA World Cup Group A
2014,group,2014-06-18,Memphis Depay,Depay,NED,AUS,68,,0,0,2014 FIFA World Cup Group B
2014,group,2014-06-18,Mario Mandžukić,Mandžukić,CRO,CMR,73,,0,0,2014 FIFA World Cup Group A
2014,group,2014-06-19,Luis Suárez,Suárez,URU,ENG,39,,0,0,2014 FIFA World Cup Group D
2014,group,2014-06-19,James Rodríguez,Rodríguez,COL,CIV,64,,0,0,2014 FIFA World Cup Group C
2014,group,2014-06-19,Juan Fernando Quintero,Quintero,COL,CIV,70,,0,0,2014 FIFA World Cup Group C
2014,group,2014-06-19,Gervinho,Gervinho,CIV,COL,73,,0,0,2014 FIFA World Cup Group C
2014,group,2014-06-19,Wayne Rooney,Rooney,ENG,URU,75,,0,0,2014 FIFA World Cup Group D
2014,group,2014-06-19,Luis Suárez,Suárez,URU,ENG,85,,0,0,2014 FIFA World Cup Group D
2014,group,2014-06-20,Olivier Giroud,Giroud,FRA,SUI,17,,0,0,2014 FIFA World Cup Group E
2014,group,2014-06-20,Blaise Matuidi,Matuidi,FRA,SUI,18,,0,0,2014 FIFA World Cup Group E
2014,group,2014-06-20,Carlo Costly,Costly,HON,ECU,31,,0,0,2014 FIFA World Cup Group E
2014,group,2014-06-20,Enner Valencia,E. Valencia,ECU,HON,34,,0,0,2014 FIFA World Cup Group E
2014,group,2014-06-20,Mathieu Valbuena,Valbuena,FRA,SUI,40,,0,0,2014 FIFA World Cup Group E
2014,group,2014-06-20,Bryan Ruiz,Ruiz,CRC,ITA,44,,0,0,2014 FIFA World Cup Group D
2014,group,2014-06-20,Enner Valencia,E. Valencia,ECU,HON,65,,0,0,2014 FIFA World Cup Group E
2014,group,2014-06-20,Karim Benzema,Benzema,FRA,SUI,67,,0,0,2014 FIFA World Cup Group E
2014,group,2014-06-20,Moussa Sissoko,Sissoko,FRA,SUI,73,,0,0,2014 FIFA World Cup Group E
2014,group,2014-06-20,Blerim Džemaili,Džemaili,SUI,FRA,81,,0,0,2014 FIFA World Cup Group E
2014,group,2014-06-20,Granit Xhaka,Xhaka,SUI,FRA,87,,0,0,2014 FIFA World Cup Group E
2014,group,2014-06-21,Peter Odemwingie,Odemwingie,NGA,BIH,29,,0,0,2014 FIFA World Cup Group F
2014,group,2014-06-21,Mario Götze,Götze,GER,GHA,51,,0,0,2014 FIFA World Cup Group G
2014,group,2014-06-21,André Ayew,A. Ayew,GHA,GER,54,,0,0,2014 FIFA World Cup Group G
2014,group,2014-06-21,Asamoah Gyan,Gyan,GHA,GER,63,,0,0,2014 FIFA World Cup Group G
2014,group,2014-06-21,Miroslav Klose,Klose,GER,GHA,71,,0,0,2014 FIFA World Cup Group G
2014,group,2014-06-21,Lionel Messi,Messi,ARG,IRN,90,1,0,0,2014 FIFA World Cup Group F
2014,group,2014-06-22,Nani (footballer),Nani,POR,USA,5,,0,0,2014 FIFA World Cup Group G
2014,group,2014-06-22,Islam Slimani,Slimani,ALG,KOR,26,,0,0,2014 FIFA World Cup Group H
2014,group,2014-06-22,Rafik Halliche,Halliche,ALG,KOR,28,,0,0,2014 FIFA World Cup Group H
2014,group,2014-06-22,Abdelmoumene Djabou,Djabou,ALG,KOR,38,,0,0,2014 FIFA World Cup Group H
2014,group,2014-06-22,Son Heung-min,Son Heung-min,KOR,ALG,50,,0,0,2014 FIFA World Cup Group H
2014,group,2014-06-22,Yacine Brahimi,Brahimi,ALG,KOR,62,,0,0,2014 FIFA World Cup Group H
2014,group,2014-06-22,Jermaine Jones,Jones,USA,POR,64,,0,0,2014 FIFA World Cup Group G
2014,group,2014-06-22,Koo Ja-cheol,Koo Ja-cheol,KOR,ALG,72,,0,0,2014 FIFA World Cup Group H
2014,group,2014-06-22,Clint Dempsey,Dempsey,USA,POR,81,,0,0,2014 FIFA World Cup Group G
2014,group,2014-06-22,Divock Origi,Origi,BEL,RUS,88,,0,0,2014 FIFA World Cup Group H
2014,group,2014-06-22,Silvestre Varela,Varela,POR,USA,90,5,0,0,2014 FIFA World Cup Group G
2014,group,2014-06-23,Neymar,Neymar,BRA,CMR,17,,0,0,2014 FIFA World Cup Group A
2014,group,2014-06-23,Joël Matip,Matip,CMR,BRA,26,,0,0,2014 FIFA World Cup Group A
2014,group,2014-06-23,Neymar,Neymar,BRA,CMR,35,,0,0,2014 FIFA World Cup Group A
2014,group,2014-06-23,David Villa,Villa,ESP,AUS,36,,0,0,2014 FIFA World Cup Group B
2014,group,2014-06-23,"Fred (footballer, born 1983)",Fred,BRA,CMR,49,,0,0,2014 FIFA World Cup Group A
2014,group,2014-06-23,Fernando Torres,Torres,ESP,AUS,69,,0,0,2014 FIFA World Cup Group B
2014,group,2014-06-23,Rafael Márquez,Márquez,MEX,CRO,72,,0,0,2014 FIFA World Cup Group A
2014,group,2014-06-23,Andrés Guardado,Guardado,MEX,CRO,75,,0,0,2014 FIFA World Cup Group A
2014,group,2014-06-23,Leroy Fer,Fer,NED,CHI,77,,0,0,2014 FIFA World Cup Group B
2014,group,2014-06-23,Javier Hernández,Hernández,MEX,CRO,82,,0,0,2014 FIFA World Cup Group A
2014,group,2014-06-23,Juan Mata,Mata,ESP,AUS,82,,0,0,2014 FIFA World Cup Group B
2014,group,2014-06-23,"Fernandinho (footballer, born May 1985)",Fernandinho,BRA,CMR,84,,0,0,2014 FIFA World Cup Group A
2014,group,2014-06-23,Ivan Perišić,Perišić,CRO,MEX,87,,0,0,2014 FIFA World Cup Group A
2014,group,2014-06-23,Memphis Depay,Depay,NED,CHI,90,2,0,0,2014 FIFA World Cup Group B
2014,group,2014-06-24,Juan Cuadrado,Cuadrado,COL,JPN,17,,1,0,2014 FIFA World Cup Group C
2014,group,2014-06-24,Andreas Samaris,Samaris,GRE,CIV,42,,0,0,2014 FIFA World Cup Group C
2014,group,2014-06-24,Shinji Okazaki,Okazaki,JPN,COL,45,1,0,0,2014 FIFA World Cup Group C
2014,group,2014-06-24,Jackson Martínez,Martínez,COL,JPN,55,,0,0,2014 FIFA World Cup Group C
2014,group,2014-06-24,Wilfried Bony,Bony,CIV,GRE,74,,0,0,2014 FIFA World Cup Group C
2014,group,2014-06-24,Diego Godín,Godín,URU,ITA,81,,0,0,2014 FIFA World Cup Group D
2014,group,2014-06-24,Jackson Martínez,Martínez,COL,JPN,82,,0,0,2014 FIFA World Cup Group C
2014,group,2014-06-24,James Rodríguez,Rodríguez,COL,JPN,90,,0,0,2014 FIFA World Cup Group C
2014,group,2014-06-24,Georgios Samaras,Samaras,GRE,CIV,90,3,1,0,2014 FIFA World Cup Group C
2014,group,2014-06-25,Lionel Messi,Messi,ARG,NGA,3,,0,0,2014 FIFA World Cup Group F
2014,group,2014-06-25,Ahmed Musa,Musa,NGA,ARG,4,,0,0,2014 FIFA World Cup Group F
2014,group,2014-06-25,Xherdan Shaqiri,Shaqiri,SUI,HON,6,,0,0,2014 FIFA World Cup Group E
2014,group,2014-06-25,Edin Džeko,Džeko,BIH,IRN,23,,0,0,2014 FIFA World Cup Group F
2014,group,2014-06-25,Xherdan Shaqiri,Shaqiri,SUI,HON,31,,0,0,2014 FIFA World Cup Group E
2014,group,2014-06-25,Lionel Messi,Messi,ARG,NGA,45,1,0,0,2014 FIFA World Cup Group F
2014,group,2014-06-25,Ahmed Musa,Musa,NGA,ARG,47,,0,0,2014 FIFA World Cup Group F
2014,group,2014-06-25,Marcos Rojo,Rojo,ARG,NGA,50,,0,0,2014 FIFA World Cup Group F
2014,group,2014-06-25,Miralem Pjanić,Pjanić,BIH,IRN,59,,0,0,2014 FIFA World Cup Group F
2014,group,2014-06-25,Xherdan Shaqiri,Shaqiri,SUI,HON,71,,0,0,2014 FIFA World Cup Group E
2014,group,2014-06-25,Reza Ghoochannejhad,Ghoochannejhad,IRN,BIH,82,,0,0,2014 FIFA World Cup Group F
2014,group,2014-06-25,Avdija Vršajević,Vršajević,BIH,IRN,83,,0,0,2014 FIFA World Cup Group F
2014,group,2014-06-26,Aleksandr Kokorin,Kokorin,RUS,ALG,6,,0,0,2014 FIFA World Cup Group H
2014,group,2014-06-26,John Boye,Boye,GHA,POR,31,,0,1,2014 FIFA World Cup Group G
2014,group,2014-06-26,Thomas Müller,Müller,GER,USA,55,,0,0,2014 FIFA World Cup Group G
2014,group,2014-06-26,Asamoah Gyan,Gyan,GHA,POR,57,,0,0,2014 FIFA World Cup Group G
2014,group,2014-06-26,Islam Slimani,Slimani,ALG,RUS,60,,0,0,2014 FIFA World Cup Group H
2014,group,2014-06-26,Jan Vertonghen,Vertonghen,BEL,KOR,78,,0,0,2014 FIFA World Cup Group H
2014,group,2014-06-26,Cristiano Ronaldo,Ronaldo,POR,GHA,80,,0,0,2014 FIFA World Cup Group G
2014,round-of-16,2014-06-28,David Luiz,David Luiz,BRA,CHI,18,,0,0,2014 FIFA World Cup knockout stage
2014,round-of-16,2014-06-28,James Rodríguez,Rodríguez,COL,URU,28,,0,0,2014 FIFA World Cup knockout stage
2014,round-of-16,2014-06-28,Alexis Sánchez,Sánchez,CHI,BRA,32,,0,0,2014 FIFA World Cup knockout stage
2014,round-of-16,2014-06-28,James Rodríguez,Rodríguez,COL,URU,50,,0,0,2014 FIFA World Cup knockout stage
2014,round-of-16,2014-06-29,Giovani dos Santos,Dos Santos,MEX,NED,48,,0,0,2014 FIFA World Cup knockout stage
2014,round-of-16,2014-06-29,Bryan Ruiz,Ruiz,CRC,GRE,52,,0,0,2014 FIFA World Cup knockout stage
2014,round-of-16,2014-06-29,Wesley Sneijder,Sneijder,NED,MEX,88,,0,0,2014 FIFA World Cup knockout stage
2014,round-of-16,2014-06-29,Sokratis Papastathopoulos,Papastathopoulos,GRE,CRC,90,1,0,0,2014 FIFA World Cup knockout stage
2014,round-of-16,2014-06-29,Klaas-Jan Huntelaar,Huntelaar,NED,MEX,90,4,1,0,2014 FIFA World Cup knockout stage
2014,round-of-16,2014-06-30,Paul Pogba,Pogba,FRA,NGA,79,,0,0,2014 FIFA World Cup knockout stage
2014,round-of-16,2014-06-30,Joseph Yobo,Yobo,NGA,FRA,90,2,0,1,2014 FIFA World Cup knockout stage
2014,round-of-16,2014-06-30,André Schürrle,Schürrle,GER,ALG,92,,0,0,2014 FIFA World Cup knockout stage
2014,round-of-16,2014-06-30,Mesut Özil,Özil,GER,ALG,119,,0,0,2014 FIFA World Cup knockout stage
2014,round-of-16,2014-06-30,Abdelmoumene Djabou,Djabou,ALG,GER,120,1,0,0,2014 FIFA World Cup knockout stage
2014,round-of-16,2014-07-01,Kevin De Bruyne,De Bruyne,BEL,USA,93,,0,0,2014 FIFA World Cup knockout stage
2014,round-of-16,2014-07-01,Romelu Lukaku,Lukaku,BEL,USA,105,,0,0,2014 FIFA World Cup knockout stage
2014,round-of-16,2014-07-01,Julian Green,Green,USA,BEL,107,,0,0,2014 FIFA World Cup knockout stage
2014,round-of-16,2014-07-01,Ángel Di María,Di María,ARG,SUI,118,,0,0,2014 FIFA World Cup knockout stage
2014,quarter-final,2014-07-04,Thiago Silva,Thiago Silva,BRA,COL,7,,0,0,2014 FIFA World Cup knockout stage
2014,quarter-final,2014-07-04,Mats Hummels,Hummels,GER,FRA,13,,0,0,2014 FIFA World Cup knockout stage
2014,quarter-final,2014-07-04,David Luiz,David Luiz,BRA,COL,69,,0,0,2014 FIFA World Cup knockout stage
2014,quarter-final,2014-07-04,James Rodríguez,Rodríguez,COL,BRA,80,,1,0,2014 FIFA World Cup knockout stage
2014,quarter-final,2014-07-05,Gonzalo Higuaín,Higuaín,ARG,BEL,8,,0,0,2014 FIFA World Cup knockout stage
2014,semi-final,2014-07-08,Thomas Müller,Müller,GER,BRA,11,,0,0,Brazil v Germany (2014 FIFA World Cup)
2014,semi-final,2014-07-08,Miroslav Klose,Klose,GER,BRA,23,,0,0,Brazil v Germany (2014 FIFA World Cup)
2014,semi-final,2014-07-08,Toni Kroos,Kroos,GER,BRA,24,,0,0,Brazil v Germany (2014 FIFA World Cup)
2014,semi-final,2014-07-08,Toni Kroos,Kroos,GER,BRA,26,,0,0,Brazil v Germany (2014 FIFA World Cup)
2014,semi-final,2014-07-08,Sami Khedira,Khedira,GER,BRA,29,,0,0,Brazil v Germany (2014 FIFA World Cup)
2014,semi-final,2014-07-08,André Schürrle,Schürrle,GER,BRA,69,,0,0,Brazil v Germany (2014 FIFA World Cup)
2014,semi-final,2014-07-08,André Schürrle,Schürrle,GER,BRA,79,,0,0,Brazil v Germany (2014 FIFA World Cup)
2014,semi-final,2014-07-08,"Oscar (footballer, born 1991)",Oscar,BRA,GER,89,,0,0,Brazil v Germany (2014 FIFA World Cup)
2014,third-place,2014-07-12,Robin van Persie,Van Persie,NED,BRA,3,,1,0,2014 FIFA World Cup knockout stage
2014,third-place,2014-07-12,Daley Blind,Blind,NED,BRA,17,,0,0,2014 FIFA World Cup knockout stage
2014,third-place,2014-07-12,Georginio Wijnaldum,Wijnaldum,NED,BRA,90,1,0,0,2014 FIFA World Cup knockout stage
2014,final,2014-07-13,Mario Götze,Götze,GER,ARG,113,,0,0,2014 FIFA World Cup final
2018,group,2018-06-14,Yury Gazinsky,Gazinsky,RUS,KSA,12,,0,0,2018 FIFA World Cup Group A
2018,group,2018-06-14,Denis Cheryshev,Cheryshev,RUS,KSA,43,,0,0,2018 FIFA World Cup Group A
2018,group,2018-06-14,Artem Dzyuba,Dzyuba,RUS,KSA,71,,0,0,2018 FIFA World Cup Group A
2018,group,2018-06-14,Denis Cheryshev,Cheryshev,RUS,KSA,90,1,0,0,2018 FIFA World Cup Group A
2018,group,2018-06-14,Aleksandr Golovin (footballer),Golovin,RUS,KSA,90,4,0,0,2018 FIFA World Cup Group A
2018,group,2018-06-15,Cristiano Ronaldo,Ronaldo,POR,ESP,4,,1,0,2018 FIFA World Cup Group B
2018,group,2018-06-15,Diego Costa,Costa,ESP,POR,24,,0,0,2018 FIFA World Cup Group B
2018,group,2018-06-15,Cristiano Ronaldo,Ronaldo,POR,ESP,44,,0,0,2018 FIFA World Cup Group B
2018,group,2018-06-15,Diego Costa,Costa,ESP,POR,55,,0,0,2018 FIFA World Cup Group B
2018,group,2018-06-15,"Nacho (footballer, born 1990)",Nacho,ESP,POR,58,,0,0,2018 FIFA World Cup Group B
2018,group,2018-06-15,Cristiano Ronaldo,Ronaldo,POR,ESP,88,,0,0,2018 FIFA World Cup Group B
2018,group,2018-06-15,José María Giménez,Giménez,URU,EGY,89,,0,0,2018 FIFA World Cup Group A
2018,group,2018-06-15,Aziz Bouhaddouz,Bouhaddouz,MAR,IRN,90,5,0,1,2018 FIFA World Cup Group B
2018,group,2018-06-16,Sergio Agüero,Agüero,ARG,ISL,19,,0,0,2018 FIFA World Cup Group D
2018,group,2018-06-16,Alfreð Finnbogason,Finnbogason,ISL,ARG,23,,0,0,2018 FIFA World Cup Group D
2018,group,2018-06-16,Oghenekaro Etebo,Etebo,NGA,CRO,32,,0,1,2018 FIFA World Cup Group D
2018,group,2018-06-16,Antoine Griezmann,Griezmann,FRA,AUS,58,,1,0,2018 FIFA World Cup Group C
2018,group,2018-06-16,Yussuf Poulsen,Poulsen,DEN,PER,59,,0,0,2018 FIFA World Cup Group C
2018,group,2018-06-16,Mile Jedinak,Jedinak,AUS,FRA,62,,1,0,2018 FIFA World Cup Group C
2018,group,2018-06-16,Luka Modrić,Modrić,CRO,NGA,71,,1,0,2018 FIFA World Cup Group D
2018,group,2018-06-16,Aziz Behich,Behich,AUS,FRA,81,,0,1,2018 FIFA World Cup Group C
2018,group,2018-06-17,Philippe Coutinho,Coutinho,BRA,SUI,20,,0,0,2018 FIFA World Cup Group E
2018,group,2018-06-17,Hirving Lozano,Lozano,MEX,GER,35,,0,0,2018 FIFA World Cup Group F
2018,group,2018-06-17,Steven Zuber,Zuber,SUI,BRA,50,,0,0,2018 FIFA World Cup Group E
2018,group,2018-06-17,Aleksandar Kolarov,Kolarov,SRB,CRC,56,,0,0,2018 FIFA World Cup Group E
2018,group,2018-06-18,Harry Kane,Kane,ENG,TUN,11,,0,0,2018 FIFA World Cup Group G
2018,group,2018-06-18,Ferjani Sassi,Sassi,TUN,ENG,35,,1,0,2018 FIFA World Cup Group G
2018,group,2018-06-18,Dries Mertens,Mertens,BEL,PAN,47,,0,0,2018 FIFA World Cup Group G
2018,group,2018-06-18,Andreas Granqvist,Granqvist,SWE,KOR,65,,1,0,2018 FIFA World Cup Group F
2018,group,2018-06-18,Romelu Lukaku,Lukaku,BEL,PAN,69,,0,0,2018 FIFA World Cup Group G
2018,group,2018-06-18,Romelu Lukaku,Lukaku,BEL,PAN,75,,0,0,2018 FIFA World Cup Group G
2018,group,2018-06-18,Harry Kane,Kane,ENG,TUN,90,1,0,0,2018 FIFA World Cup Group G
2018,group,2018-06-19,Shinji Kagawa,Kagawa,JPN,COL,6,,1,0,2018 FIFA World Cup Group H
2018,group,2018-06-19,Thiago Cionek,Cionek,POL,SEN,37,,0,1,2018 FIFA World Cup Group H
2018,group,2018-06-19,Juan Fernando Quintero,Quintero,COL,JPN,39,,0,0,2018 FIFA World Cup Group H
2018,group,2018-06-19,Ahmed Fathy,Fathy,EGY,RUS,47,,0,1,2018 FIFA World Cup Group A
2018,group,2018-06-19,Denis Cheryshev,Cheryshev,RUS,EGY,59,,0,0,2018 FIFA World Cup Group A
2018,group,2018-06-19,M'Baye Niang,Niang,SEN,POL,60,,0,0,2018 FIFA World Cup Group H
2018,group,2018-06-19,Artem Dzyuba,Dzyuba,RUS,EGY,62,,0,0,2018 FIFA World Cup Group A
2018,group,2018-06-19,Mohamed Salah,Salah,EGY,RUS,73,,1,0,2018 FIFA World Cup Group A
2018,group,2018-06-19,Yuya Osako,Osako,JPN,COL,73,,0,0,2018 FIFA World Cup Group H
2018,group,2018-06-19,Grzegorz Krychowiak,Krychowiak,POL,SEN,86,,0,0,2018 FIFA World Cup Group H
2018,group,2018-06-20,Cristiano Ronaldo,Ronaldo,POR,MAR,4,,0,0,2018 FIFA World Cup Group B
2018,group,2018-06-20,Luis Suárez,Suárez,URU,KSA,23,,0,0,2018 FIFA World Cup Group A
2018,group,2018-06-20,Diego Costa,Costa,ESP,IRN,54,,0,0,2018 FIFA World Cup Group B
2018,group,2018-06-21,Christian Eriksen,Eriksen,DEN,AUS,7,,0,0,2018 FIFA World Cup Group C
2018,group,2018-06-21,Kylian Mbappé,Mbappé,FRA,PER,34,,0,0,2018 FIFA World Cup Group C
2018,group,2018-06-21,Mile Jedinak,Jedinak,AUS,DEN,38,,1,0,2018 FIFA World Cup Group C
2018,group,2018-06-21,Ante Rebić,Rebić,CRO,ARG,53,,0,0,2018 FIFA World Cup Group D
2018,group,2018-06-21,Luka Modrić,Modrić,CRO,ARG,80,,0,0,2018 FIFA World Cup Group D
2018,group,2018-06-21,Ivan Rakitić,Rakitić,CRO,ARG,90,1,0,0,2018 FIFA World Cup Group D
2018,group,2018-06-22,Aleksandar Mitrović (footballer),Mitrović,SRB,SUI,5,,0,0,2018 FIFA World Cup Group E
2018,group,2018-06-22,Ahmed Musa,Musa,NGA,ISL,49,,0,0,2018 FIFA World Cup Group D
2018,group,2018-06-22,Granit Xhaka,Xhaka,SUI,SRB,52,,0,0,2018 FIFA World Cup Group E
2018,group,2018-06-22,Ahmed Musa,Musa,NGA,ISL,75,,0,0,2018 FIFA World Cup Group D
2018,group,2018-06-22,Xherdan Shaqiri,Shaqiri,SUI,SRB,90,,0,0,2018 FIFA World Cup Group E
2018,group,2018-06-22,Philippe Coutinho,Coutinho,BRA,CRC,90,1,0,0,2018 FIFA World Cup Group E
2018,group,2018-06-22,Neymar,Neymar,BRA,CRC,90,7,0,0,2018 FIFA World Cup Group E
2018,group,2018-06-23,Eden Hazard,E. Hazard,BEL,TUN,6,,1,0,2018 FIFA World Cup Group G
2018,group,2018-06-23,Romelu Lukaku,Lukaku,BEL,TUN,16,,0,0,2018 FIFA World Cup Group G
2018,group,2018-06-23,Dylan Bronn,Bronn,TUN,BEL,18,,0,0,2018 FIFA World Cup Group G
2018,group,2018-06-23,Carlos Vela,Vela,MEX,KOR,26,,1,0,2018 FIFA World Cup Group F
2018,group,2018-06-23,Ola Toivonen,Toivonen,SWE,GER,32,,0,0,2018 FIFA World Cup Group F
2018,group,2018-06-23,Romelu Lukaku,Lukaku,BEL,TUN,45,3,0,0,2018 FIFA World Cup Group G
2018,group,2018-06-23,Marco Reus,Reus,GER,SWE,48,,0,0,2018 FIFA World Cup Group F
2018,group,2018-06-23,Eden Hazard,E. Hazard,BEL,TUN,51,,0,0,2018 FIFA World Cup Group G
2018,group,2018-06-23,Javier Hernández,Hernández,MEX,KOR,66,,0,0,2018 FIFA World Cup Group F
2018,group,2018-06-23,Michy Batshuayi,Batshuayi,BEL,TUN,90,,0,0,2018 FIFA World Cup Group G
2018,group,2018-06-23,Son Heung-min,Son Heung-min,KOR,MEX,90,3,0,0,2018 FIFA World Cup Group F
2018,group,2018-06-23,Wahbi Khazri,Khazri,TUN,BEL,90,3,0,0,2018 FIFA World Cup Group G
2018,group,2018-06-23,Toni Kroos,Kroos,GER,SWE,90,5,0,0,2018 FIFA World Cup Group F
2018,group,2018-06-24,John Stones,Stones,ENG,PAN,8,,0,0,2018 FIFA World Cup Group G
2018,group,2018-06-24,Sadio Mané,Mané,SEN,JPN,11,,0,0,2018 FIFA World Cup Group H
2018,group,2018-06-24,Harry Kane,Kane,ENG,PAN,22,,1,0,2018 FIFA World Cup Group G
2018,group,2018-06-24,Takashi Inui,Inui,JPN,SEN,34,,0,0,2018 FIFA World Cup Group H
2018,group,2018-06-24,Jesse Lingard,Lingard,ENG,PAN,36,,0,0,2018 FIFA World Cup Group G
2018,group,2018-06-24,John Stones,Stones,ENG,PAN,40,,0,0,2018 FIFA World Cup Group G
2018,group,2018-06-24,Yerry Mina,Mina,COL,POL,40,,0,0,2018 FIFA World Cup Group H
2018,group,2018-06-24,Harry Kane,Kane,ENG,PAN,45,1,1,0,2018 FIFA World Cup Group G
2018,group,2018-06-24,Harry Kane,Kane,ENG,PAN,62,,0,0,2018 FIFA World Cup Group G
2018,group,2018-06-24,Radamel Falcao,Falcao,COL,POL,70,,0,0,2018 FIFA World Cup Group H
2018,group,2018-06-24,Moussa Wagué,Wagué,SEN,JPN,71,,0,0,2018 FIFA World Cup Group H
2018,group,2018-06-24,Juan Cuadrado,Ju. Cuadrado,COL,POL,75,,0,0,2018 FIFA World Cup Group H
2018,group,2018-06-24,Felipe Baloy,Baloy,PAN,ENG,78,,0,0,2018 FIFA World Cup Group G
2018,group,2018-06-24,Keisuke Honda,Honda,JPN,SEN,78,,0,0,2018 FIFA World Cup Group H
2018,group,2018-06-25,Luis Suárez,Suárez,URU,RUS,10,,0,0,2018 FIFA World Cup Group A
2018,group,2018-06-25,Khalid Boutaïb,Boutaïb,MAR,ESP,14,,0,0,2018 FIFA World Cup Group B
2018,group,2018-06-25,Isco,Isco,ESP,MAR,19,,0,0,2018 FIFA World Cup Group B
2018,group,2018-06-25,Mohamed Salah,Salah,EGY,KSA,22,,0,0,2018 FIFA World Cup Group A
2018,group,2018-06-25,Denis Cheryshev,Cheryshev,RUS,URU,23,,0,1,2018 FIFA World Cup Group A
2018,group,2018-06-25,Ricardo Quaresma,Quaresma,POR,IRN,45,,0,0,2018 FIFA World Cup Group B
2018,group,2018-06-25,Salman Al-Faraj,Al-Faraj,KSA,EGY,45,6,1,0,2018 FIFA World Cup Group A
2018,group,2018-06-25,Youssef En-Nesyri,En-Nesyri,MAR,ESP,81,,0,0,2018 FIFA World Cup Group B
2018,group,2018-06-25,Edinson Cavani,Cavani,URU,RUS,90,,0,0,2018 FIFA World Cup Group A
2018,group,2018-06-25,Iago Aspas,Aspas,ESP,MAR,90,1,0,0,2018 FIFA World Cup Group B
2018,group,2018-06-25,Karim Ansarifard,Ansarifard,IRN,POR,90,3,1,0,2018 FIFA World Cup Group B
2018,group,2018-06-25,Salem Al-Dawsari,Al-Dawsari,KSA,EGY,90,5,0,0,2018 FIFA World Cup Group A
2018,group,2018-06-26,Lionel Messi,Messi,ARG,NGA,14,,0,0,2018 FIFA World Cup Group D
2018,group,2018-06-26,André Carrillo,Carrillo,PER,AUS,18,,0,0,2018 FIFA World Cup Group C
2018,group,2018-06-26,Paolo Guerrero,Guerrero,PER,AUS,50,,0,0,2018 FIFA World Cup Group C
2018,group,2018-06-26,Victor Moses,Moses,NGA,ARG,51,,1,0,2018 FIFA World Cup Group D
2018,group,2018-06-26,Milan Badelj,Badelj,CRO,ISL,53,,0,0,2018 FIFA World Cup Group D
2018,group,2018-06-26,Gylfi Sigurðsson,Sigurðsson,ISL,CRO,76,,1,0,2018 FIFA World Cup Group D
2018,group,2018-06-26,Marcos Rojo,Rojo,ARG,NGA,86,,0,0,2018 FIFA World Cup Group D
2018,group,2018-06-26,Ivan Perišić,Perišić,CRO,ISL,90,,0,0,2018 FIFA World Cup Group D
2018,group,2018-06-27,Blerim Džemaili,Džemaili,SUI,CRC,31,,0,0,2018 FIFA World Cup Group E
2018,group,2018-06-27,"Paulinho (footballer, born July 1988)",Paulinho,BRA,SRB,36,,0,0,2018 FIFA World Cup Group E
2018,group,2018-06-27,Ludwig Augustinsson,Augustinsson,SWE,MEX,50,,0,0,2018 FIFA World Cup Group F
2018,group,2018-06-27,Kendall Waston,Waston,CRC,SUI,56,,0,0,2018 FIFA World Cup Group E
2018,group,2018-06-27,Andreas Granqvist,Granqvist,SWE,MEX,62,,1,0,2018 FIFA World Cup Group F
2018,group,2018-06-27,Thiago Silva,Thiago Silva,BRA,SRB,68,,0,0,2018 FIFA World Cup Group E
2018,group,2018-06-27,Edson Álvarez,Álvarez,MEX,SWE,74,,0,1,2018 FIFA World Cup Group F
2018,group,2018-06-27,Josip Drmić,Drmić,SUI,CRC,88,,0,0,2018 FIFA World Cup Group E
2018,group,2018-06-27,Kim Young-gwon,Kim Young-gwon,KOR,GER,90,2,0,0,2018 FIFA World Cup Group F
2018,group,2018-06-27,Yann Sommer,Sommer,SUI,CRC,90,3,0,1,2018 FIFA World Cup Group E
2018,group,2018-06-27,Son Heung-min,Son Heung-min,KOR,GER,90,6,0,0,2018 FIFA World Cup Group F
2018,group,2018-06-28,Yassine Meriah,Meriah,TUN,PAN,33,,0,1,2018 FIFA World Cup Group G
2018,group,2018-06-28,Adnan Januzaj,Januzaj,BEL,ENG,51,,0,0,2018 FIFA World Cup Group G
2018,group,2018-06-28,Fakhreddine Ben Youssef,F. Ben Youssef,TUN,PAN,51,,0,0,2018 FIFA World Cup Group G
2018,group,2018-06-28,Jan Bednarek,Bednarek,POL,JPN,59,,0,0,2018 FIFA World Cup Group H
2018,group,2018-06-28,Wahbi Khazri,Khazri,TUN,PAN,66,,0,0,2018 FIFA World Cup Group G
2018,group,2018-06-28,Yerry Mina,Mina,COL,SEN,74,,0,0,2018 FIFA World Cup Group H
2018,round-of-16,2018-06-30,Edinson Cavani,Cavani,URU,POR,7,,0,0,2018 FIFA World Cup knockout stage
2018,round-of-16,2018-06-30,Antoine Griezmann,Griezmann,FRA,ARG,13,,1,0,2018 FIFA World Cup knockout stage
2018,round-of-16,2018-06-30,Ángel Di María,Di María,ARG,FRA,41,,0,0,2018 FIFA World Cup knockout stage
2018,round-of-16,2018-06-30,Gabriel Mercado,Mercado,ARG,FRA,48,,0,0,2018 FIFA World Cup knockout stage
2018,round-of-16,2018-06-30,"Pepe (footballer, born 1983)",Pepe,POR,URU,55,,0,0,2018 FIFA World Cup knockout stage
2018,round-of-16,2018-06-30,Benjamin Pavard,Pavard,FRA,ARG,57,,0,0,2018 FIFA World Cup knockout stage
2018,round-of-16,2018-06-30,Edinson Cavani,Cavani,URU,POR,62,,0,0,2018 FIFA World Cup knockout stage
2018,round-of-16,2018-06-30,Kylian Mbappé,Mbappé,FRA,ARG,64,,0,0,2018 FIFA World Cup knockout stage
2018,round-of-16,2018-06-30,Kylian Mbappé,Mbappé,FRA,ARG,68,,0,0,2018 FIFA World Cup knockout stage
2018,round-of-16,2018-06-30,Sergio Agüero,Agüero,ARG,FRA,90,3,0,0,2018 FIFA World Cup knockout stage
2018,round-of-16,2018-07-01,Mathias Jørgensen,M. Jørgensen,DEN,CRO,1,,0,0,2018 FIFA World Cup knockout stage
2018,round-of-16,2018-07-01,Mario Mandžukić,Mandžukić,CRO,DEN,4,,0,0,2018 FIFA World Cup knockout stage
2018,round-of-16,2018-07-01,Sergei Ignashevich,Ignashevich,RUS,ESP,12,,0,1,2018 FIFA World Cup knockout stage
2018,round-of-16,2018-07-01,Artem Dzyuba,Dzyuba,RUS,ESP,41,,1,0,2018 FIFA World Cup knockout stage
2018,round-of-16,2018-07-02,Genki Haraguchi,Haraguchi,JPN,BEL,48,,0,0,2018 FIFA World Cup knockout stage
2018,round-of-16,2018-07-02,Neymar,Neymar,BRA,MEX,51,,0,0,2018 FIFA World Cup knockout stage
2018,round-of-16,2018-07-02,Takashi Inui,Inui,JPN,BEL,52,,0,0,2018 FIFA World Cup knockout stage
2018,round-of-16,2018-07-02,Jan Vertonghen,Vertonghen,BEL,JPN,69,,0,0,2018 FIFA World Cup knockout stage
2018,round-of-16,2018-07-02,Marouane Fellaini,Fellaini,BEL,JPN,74,,0,0,2018 FIFA World Cup knockout stage
2018,round-of-16,2018-07-02,Roberto Firmino,Firmino,BRA,MEX,88,,0,0,2018 FIFA World Cup knockout stage
2018,round-of-16,2018-07-02,Nacer Chadli,Chadli,BEL,JPN,90,4,0,0,2018 FIFA World Cup knockout stage
2018,round-of-16,2018-07-03,Harry Kane,Kane,ENG,COL,57,,1,0,2018 FIFA World Cup knockout stage
2018,round-of-16,2018-07-03,Emil Forsberg,Forsberg,SWE,SUI,66,,0,0,2018 FIFA World Cup knockout stage
2018,round-of-16,2018-07-03,Yerry Mina,Mina,COL,ENG,90,3,0,0,2018 FIFA World Cup knockout stage
2018,quarter-final,2018-07-06,"Fernandinho (footballer, born May 1985)",Fernandinho,BRA,BEL,13,,0,1,2018 FIFA World Cup knockout stage
2018,quarter-final,2018-07-06,Kevin De Bruyne,De Bruyne,BEL,BRA,31,,0,0,2018 FIFA World Cup knockout stage
2018,quarter-final,2018-07-06,Raphaël Varane,Varane,FRA,URU,40,,0,0,2018 FIFA World Cup knockout stage
2018,quarter-final,2018-07-06,Antoine Griezmann,Griezmann,FRA,URU,61,,0,0,2018 FIFA World Cup knockout stage
2018,quarter-final,2018-07-06,Renato Augusto,Renato Augusto,BRA,BEL,76,,0,0,2018 FIFA World Cup knockout stage
2018,quarter-final,2018-07-07,Harry Maguire,Maguire,ENG,SWE,30,,0,0,2018 FIFA World Cup knockout stage
2018,quarter-final,2018-07-07,Denis Cheryshev,Cheryshev,RUS,CRO,31,,0,0,2018 FIFA World Cup knockout stage
2018,quarter-final,2018-07-07,Andrej Kramarić,Kramarić,CRO,RUS,39,,0,0,2018 FIFA World Cup knockout stage
2018,quarter-final,2018-07-07,Dele Alli,Alli,ENG,SWE,59,,0,0,2018 FIFA World Cup knockout stage
2018,quarter-final,2018-07-07,Domagoj Vida,Vida,CRO,RUS,101,,0,0,2018 FIFA World Cup knockout stage
2018,quarter-final,2018-07-07,Mário Fernandes (footballer),Fernandes,RUS,CRO,115,,0,0,2018 FIFA World Cup knockout stage
2018,semi-final,2018-07-10,Samuel Umtiti,Umtiti,FRA,BEL,51,,0,0,2018 FIFA World Cup knockout stage
2018,semi-final,2018-07-11,Kieran Trippier,Trippier,ENG,CRO,5,,0,0,2018 FIFA World Cup knockout stage
2018,semi-final,2018-07-11,Ivan Perišić,Perišić,CRO,ENG,68,,0,0,2018 FIFA World Cup knockout stage
2018,semi-final,2018-07-11,Mario Mandžukić,Mandžukić,CRO,ENG,109,,0,0,2018 FIFA World Cup knockout stage
2018,third-place,2018-07-14,Thomas Meunier,Meunier,BEL,ENG,4,,0,0,2018 FIFA World Cup knockout stage
2018,third-place,2018-07-14,Eden Hazard,E. Hazard,BEL,ENG,82,,0,0,2018 FIFA World Cup knockout stage
2018,final,2018-07-15,Mario Mandžukić,Mandžukić,CRO,FRA,18,,0,1,2018 FIFA World Cup final
2018,final,2018-07-15,Ivan Perišić,Perišić,CRO,FRA,28,,0,0,2018 FIFA World Cup final
2018,final,2018-07-15,Antoine Griezmann,Griezmann,FRA,CRO,38,,1,0,2018 FIFA World Cup final
2018,final,2018-07-15,Paul Pogba,Pogba,FRA,CRO,59,,0,0,2018 FIFA World Cup final
2018,final,2018-07-15,Kylian Mbappé,Mbappé,FRA,CRO,65,,0,0,2018 FIFA World Cup final
2018,final,2018-07-15,Mario Mandžukić,Mandžukić,CRO,FRA,69,,0,0,2018 FIFA World Cup final
2022,group,2022-11-20,Enner Valencia,Valencia,ECU,QAT,16,,1,0,2022 FIFA World Cup Group A
2022,group,2022-11-20,Enner Valencia,Valencia,ECU,QAT,31,,0,0,2022 FIFA World Cup Group A
2022,group,2022-11-21,Jude Bellingham,Bellingham,ENG,IRN,35,,0,0,2022 FIFA World Cup Group B
2022,group,2022-11-21,Timothy Weah,Weah,USA,WAL,36,,0,0,2022 FIFA World Cup Group B
2022,group,2022-11-21,Bukayo Saka,Saka,ENG,IRN,43,,0,0,2022 FIFA World Cup Group B
2022,group,2022-11-21,Raheem Sterling,Sterling,ENG,IRN,45,1,0,0,2022 FIFA World Cup Group B
2022,group,2022-11-21,Bukayo Saka,Saka,ENG,IRN,62,,0,0,2022 FIFA World Cup Group B
2022,group,2022-11-21,Mehdi Taremi,Taremi,IRN,ENG,65,,0,0,2022 FIFA World Cup Group B
2022,group,2022-11-21,Marcus Rashford,Rashford,ENG,IRN,71,,0,0,2022 FIFA World Cup Group B
2022,group,2022-11-21,Gareth Bale,Bale,WAL,USA,82,,1,0,2022 FIFA World Cup Group B
2022,group,2022-11-21,Cody Gakpo,Gakpo,NED,SEN,84,,0,0,2022 FIFA World Cup Group A
2022,group,2022-11-21,Jack Grealish,Grealish,ENG,IRN,90,,0,0,2022 FIFA World Cup Group B
2022,group,2022-11-21,Mehdi Taremi,Taremi,IRN,ENG,90,13,1,0,2022 FIFA World Cup Group B
2022,group,2022-11-21,Davy Klaassen,Klaassen,NED,SEN,90,9,0,0,2022 FIFA World Cup Group A
2022,group,2022-11-22,Craig Goodwin,Goodwin,AUS,FRA,9,,0,0,2022 FIFA World Cup Group D
2022,group,2022-11-22,Lionel Messi,Messi,ARG,KSA,10,,1,0,2022 FIFA World Cup Group C
2022,group,2022-11-22,Adrien Rabiot,Rabiot,FRA,AUS,27,,0,0,2022 FIFA World Cup Group D
2022,group,2022-11-22,Olivier Giroud,Giroud,FRA,AUS,32,,0,0,2022 FIFA World Cup Group D
2022,group,2022-11-22,Saleh Al-Shehri,Al-Shehri,KSA,ARG,48,,0,0,2022 FIFA World Cup Group C
2022,group,2022-11-22,Salem Al-Dawsari,S. Al-Dawsari,KSA,ARG,53,,0,0,2022 FIFA World Cup Group C
2022,group,2022-11-22,Kylian Mbappé,Mbappé,FRA,AUS,68,,0,0,2022 FIFA World Cup Group D
2022,group,2022-11-22,Olivier Giroud,Giroud,FRA,AUS,71,,0,0,2022 FIFA World Cup Group D
2022,group,2022-11-23,Dani Olmo,Olmo,SPA,CRC,11,,0,0,2022 FIFA World Cup Group E
2022,group,2022-11-23,Marco Asensio,Asensio,SPA,CRC,21,,0,0,2022 FIFA World Cup Group E
2022,group,2022-11-23,Ferran Torres,F. Torres,SPA,CRC,31,,1,0,2022 FIFA World Cup Group E
2022,group,2022-11-23,İlkay Gündoğan,Gündoğan,GER,JPN,33,,1,0,2022 FIFA World Cup Group E
2022,group,2022-11-23,Michy Batshuayi,Batshuayi,BEL,CAN,44,,0,0,2022 FIFA World Cup Group F
2022,group,2022-11-23,Ferran Torres,F. Torres,SPA,CRC,54,,0,0,2022 FIFA World Cup Group E
2022,group,2022-11-23,Gavi (footballer),Gavi,SPA,CRC,74,,0,0,2022 FIFA World Cup Group E
2022,group,2022-11-23,Ritsu Dōan,Dōan,JPN,GER,75,,0,0,2022 FIFA World Cup Group E
2022,group,2022-11-23,Takuma Asano,Asano,JPN,GER,83,,0,0,2022 FIFA World Cup Group E
2022,group,2022-11-23,Carlos Soler,Soler,SPA,CRC,90,,0,0,2022 FIFA World Cup Group E
2022,group,2022-11-23,Álvaro Morata,Morata,SPA,CRC,90,2,0,0,2022 FIFA World Cup Group E
2022,group,2022-11-24,Breel Embolo,Embolo,SUI,CMR,48,,0,0,2022 FIFA World Cup Group G
2022,group,2022-11-24,Richarlison,Richarlison,BRA,SRB,62,,0,0,2022 FIFA World Cup Group G
2022,group,2022-11-24,Cristiano Ronaldo,Ronaldo,POR,GHA,65,,1,0,2022 FIFA World Cup Group H
2022,group,2022-11-24,André Ayew,A. Ayew,GHA,POR,73,,0,0,2022 FIFA World Cup Group H
2022,group,2022-11-24,Richarlison,Richarlison,BRA,SRB,73,,0,0,2022 FIFA World Cup Group G
2022,group,2022-11-24,João Félix,Félix,POR,GHA,78,,0,0,2022 FIFA World Cup Group H
2022,group,2022-11-24,Rafael Leão,Leão,POR,GHA,80,,0,0,2022 FIFA World Cup Group H
2022,group,2022-11-24,Osman Bukari,Bukari,GHA,POR,89,,0,0,2022 FIFA World Cup Group H
2022,group,2022-11-25,Cody Gakpo,Gakpo,NED,ECU,6,,0,0,2022 FIFA World Cup Group A
2022,group,2022-11-25,Boulaye Dia,Dia,SEN,QAT,41,,0,0,2022 FIFA World Cup Group A
2022,group,2022-11-25,Famara Diédhiou,Diédhiou,SEN,QAT,48,,0,0,2022 FIFA World Cup Group A
2022,group,2022-11-25,Enner Valencia,Valencia,ECU,NED,49,,0,0,2022 FIFA World Cup Group A
2022,group,2022-11-25,Mohammed Muntari,Muntari,QAT,SEN,78,,0,0,2022 FIFA World Cup Group A
2022,group,2022-11-25,Bamba Dieng,B. Dieng,SEN,QAT,84,,0,0,2022 FIFA World Cup Group A
2022,group,2022-11-25,Ramin Rezaeian,Rezaeian,IRN,WAL,90,11,0,0,2022 FIFA World Cup Group B
2022,group,2022-11-25,Rouzbeh Cheshmi,Cheshmi,IRN,WAL,90,8,0,0,2022 FIFA World Cup Group B
2022,group,2022-11-26,Mitch Duke,Duke,AUS,TUN,23,,0,0,2022 FIFA World Cup Group D
2022,group,2022-11-26,Piotr Zieliński,Zieliński,POL,KSA,39,,0,0,2022 FIFA World Cup Group C
2022,group,2022-11-26,Kylian Mbappé,Mbappé,FRA,DEN,61,,0,0,2022 FIFA World Cup Group D
2022,group,2022-11-26,Lionel Messi,Messi,ARG,MEX,64,,0,0,2022 FIFA World Cup Group C
2022,group,2022-11-26,Andreas Christensen,A. Christensen,DEN,FRA,68,,0,0,2022 FIFA World Cup Group D
2022,group,2022-11-26,Robert Lewandowski,Lewandowski,POL,KSA,82,,0,0,2022 FIFA World Cup Group C
2022,group,2022-11-26,Kylian Mbappé,Mbappé,FRA,DEN,86,,0,0,2022 FIFA World Cup Group D
2022,group,2022-11-26,Enzo Fernández,Fernández,ARG,MEX,87,,0,0,2022 FIFA World Cup Group C
2022,group,2022-11-27,Alphonso Davies,Davies,CAN,CRO,2,,0,0,2022 FIFA World Cup Group F
2022,group,2022-11-27,Andrej Kramarić,Kramarić,CRO,CAN,36,,0,0,2022 FIFA World Cup Group F
2022,group,2022-11-27,Marko Livaja,Livaja,CRO,CAN,44,,0,0,2022 FIFA World Cup Group F
2022,group,2022-11-27,Álvaro Morata,Morata,SPA,GER,62,,0,0,2022 FIFA World Cup Group E
2022,group,2022-11-27,Andrej Kramarić,Kramarić,CRO,CAN,70,,0,0,2022 FIFA World Cup Group F
2022,group,2022-11-27,Romain Saïss,Saïss,MAR,BEL,73,,0,0,2022 FIFA World Cup Group F
2022,group,2022-11-27,Keysher Fuller,Fuller,CRC,JPN,81,,0,0,2022 FIFA World Cup Group E
2022,group,2022-11-27,Niclas Füllkrug,Füllkrug,GER,SPA,83,,0,0,2022 FIFA World Cup Group E
2022,group,2022-11-27,Zakaria Aboukhlal,Aboukhlal,MAR,BEL,90,2,0,0,2022 FIFA World Cup Group F
2022,group,2022-11-27,Lovro Majer,Majer,CRO,CAN,90,4,0,0,2022 FIFA World Cup Group F
2022,group,2022-11-28,Mohammed Salisu,Salisu,GHA,KOR,24,,0,0,2022 FIFA World Cup Group H
2022,group,2022-11-28,Jean-Charles Castelletto,Castelletto,CMR,SRB,29,,0,0,2022 FIFA World Cup Group G
2022,group,2022-11-28,Mohammed Kudus,Kudus,GHA,KOR,34,,0,0,2022 FIFA World Cup Group H
2022,group,2022-11-28,Strahinja Pavlović,Pavlović,SRB,CMR,45,1,0,0,2022 FIFA World Cup Group G
2022,group,2022-11-28,Sergej Milinković-Savić,S. Milinković-Savić,SRB,CMR,45,3,0,0,2022 FIFA World Cup Group G
2022,group,2022-11-28,Aleksandar Mitrović,A. Mitrović,SRB,CMR,53,,0,0,2022 FIFA World Cup Group G
2022,group,2022-11-28,Bruno Fernandes,Fernandes,POR,URU,54,,0,0,2022 FIFA World Cup Group H
2022,group,2022-11-28,Cho Gue-sung,Cho Gue-sung,KOR,GHA,58,,0,0,2022 FIFA World Cup Group H
2022,group,2022-11-28,Cho Gue-sung,Cho Gue-sung,KOR,GHA,61,,0,0,2022 FIFA World Cup Group H
2022,group,2022-11-28,Vincent Aboubakar,Aboubakar,CMR,SRB,63,,0,0,2022 FIFA World Cup Group G
2022,group,2022-11-28,Eric Maxim Choupo-Moting,Choupo-Moting,CMR,SRB,66,,0,0,2022 FIFA World Cup Group G
2022,group,2022-11-28,Mohammed Kudus,Kudus,GHA,KOR,68,,0,0,2022 FIFA World Cup Group H
2022,group,2022-11-28,Casemiro,Casemiro,BRA,SUI,83,,0,0,2022 FIFA World Cup Group G
2022,group,2022-11-28,Bruno Fernandes,Fernandes,POR,URU,90,3,1,0,2022 FIFA World Cup Group H
2022,group,2022-11-29,Cody Gakpo,Gakpo,NED,QAT,26,,0,0,2022 FIFA World Cup Group A
2022,group,2022-11-29,Christian Pulisic,Pulisic,USA,IRN,38,,0,0,2022 FIFA World Cup Group B
2022,group,2022-11-29,Ismaïla Sarr,I. Sarr,SEN,ECU,44,,1,0,2022 FIFA World Cup Group A
2022,group,2022-11-29,Frenkie de Jong,F. de Jong,NED,QAT,49,,0,0,2022 FIFA World Cup Group A
2022,group,2022-11-29,Marcus Rashford,Rashford,ENG,WAL,50,,0,0,2022 FIFA World Cup Group B
2022,group,2022-11-29,Phil Foden,Foden,ENG,WAL,51,,0,0,2022 FIFA World Cup Group B
2022,group,2022-11-29,Moisés Caicedo,Caicedo,ECU,SEN,67,,0,0,2022 FIFA World Cup Group A
2022,group,2022-11-29,Marcus Rashford,Rashford,ENG,WAL,68,,0,0,2022 FIFA World Cup Group B
2022,group,2022-11-29,Kalidou Koulibaly,Koulibaly,SEN,ECU,70,,0,0,2022 FIFA World Cup Group A
2022,group,2022-11-30,Alexis Mac Allister,Mac Allister,ARG,POL,46,,0,0,2022 FIFA World Cup Group C
2022,group,2022-11-30,Henry Martín,Martín,MEX,KSA,47,,0,0,2022 FIFA World Cup Group C
2022,group,2022-11-30,Luis Chávez (footballer),Chávez,MEX,KSA,52,,0,0,2022 FIFA World Cup Group C
2022,group,2022-11-30,Wahbi Khazri,Khazri,TUN,FRA,58,,0,0,2022 FIFA World Cup Group D
2022,group,2022-11-30,Mathew Leckie,Leckie,AUS,DEN,60,,0,0,2022 FIFA World Cup Group D
2022,group,2022-11-30,Julián Alvarez,Alvarez,ARG,POL,67,,0,0,2022 FIFA World Cup Group C
2022,group,2022-11-30,Salem Al-Dawsari,S. Al-Dawsari,KSA,MEX,90,5,0,0,2022 FIFA World Cup Group C
2022,group,2022-12-01,Hakim Ziyech,Ziyech,MAR,CAN,4,,0,0,2022 FIFA World Cup Group F
2022,group,2022-12-01,Serge Gnabry,Gnabry,GER,CRC,10,,0,0,2022 FIFA World Cup Group E
2022,group,2022-12-01,Álvaro Morata,Morata,SPA,JPN,11,,0,0,2022 FIFA World Cup Group E
2022,group,2022-12-01,Youssef En-Nesyri,En-Nesyri,MAR,CAN,23,,0,0,2022 FIFA World Cup Group F
2022,group,2022-12-01,Nayef Aguerd,Aguerd,MAR,CAN,40,,0,1,2022 FIFA World Cup Group F
2022,group,2022-12-01,Ritsu Dōan,Dōan,JPN,SPA,48,,0,0,2022 FIFA World Cup Group E
2022,group,2022-12-01,Ao Tanaka,Tanaka,JPN,SPA,51,,0,0,2022 FIFA World Cup Group E
2022,group,2022-12-01,Yeltsin Tejeda,Tejeda,CRC,GER,58,,0,0,2022 FIFA World Cup Group E
2022,group,2022-12-01,Juan Pablo Vargas,Vargas,CRC,GER,70,,0,0,2022 FIFA World Cup Group E
2022,group,2022-12-01,Kai Havertz,Havertz,GER,CRC,73,,0,0,2022 FIFA World Cup Group E
2022,group,2022-12-01,Kai Havertz,Havertz,GER,CRC,85,,0,0,2022 FIFA World Cup Group E
2022,group,2022-12-01,Niclas Füllkrug,Füllkrug,GER,CRC,89,,0,0,2022 FIFA World Cup Group E
2022,group,2022-12-02,Ricardo Horta,Horta,POR,KOR,5,,0,0,2022 FIFA World Cup Group H
2022,group,2022-12-02,Xherdan Shaqiri,Shaqiri,SUI,SRB,20,,0,0,2022 FIFA World Cup Group G
2022,group,2022-12-02,Aleksandar Mitrović,A. Mitrović,SRB,SUI,26,,0,0,2022 FIFA World Cup Group G
2022,group,2022-12-02,Giorgian de Arrascaeta,De Arrascaeta,URU,GHA,26,,0,0,2022 FIFA World Cup Group H
2022,group,2022-12-02,Kim Young-gwon,Kim Young-gwon,KOR,POR,27,,0,0,2022 FIFA World Cup Group H
2022,group,2022-12-02,Giorgian de Arrascaeta,De Arrascaeta,URU,GHA,32,,0,0,2022 FIFA World Cup Group H
2022,group,2022-12-02,Dušan Vlahović,Vlahović,SRB,SUI,35,,0,0,2022 FIFA World Cup Group G
2022,group,2022-12-02,Breel Embolo,Embolo,SUI,SRB,44,,0,0,2022 FIFA World Cup Group G
2022,group,2022-12-02,Remo Freuler,Freuler,SUI,SRB,48,,0,0,2022 FIFA World Cup Group G
2022,group,2022-12-02,Hwang Hee-chan,Hwang Hee-chan,KOR,POR,90,1,0,0,2022 FIFA World Cup Group H
2022,group,2022-12-02,Vincent Aboubakar,Aboubakar,CMR,BRA,90,2,0,0,2022 FIFA World Cup Group G
2022,round-of-16,2022-12-03,Memphis Depay,Depay,NED,USA,10,,0,0,2022 FIFA World Cup knockout stage
2022,round-of-16,2022-12-03,Lionel Messi,Messi,ARG,AUS,35,,0,0,2022 FIFA World Cup knockout stage
2022,round-of-16,2022-12-03,Daley Blind,Blind,NED,USA,45,1,0,0,2022 FIFA World Cup knockout stage
2022,round-of-16,2022-12-03,Julián Alvarez,Alvarez,ARG,AUS,57,,0,0,2022 FIFA World Cup knockout stage
2022,round-of-16,2022-12-03,Haji Wright,Wright,USA,NED,76,,0,0,2022 FIFA World Cup knockout stage
2022,round-of-16,2022-12-03,Enzo Fernández,Fernández,ARG,AUS,77,,0,1,2022 FIFA World Cup knockout stage
2022,round-of-16,2022-12-03,Denzel Dumfries,Dumfries,NED,USA,81,,0,0,2022 FIFA World Cup knockout stage
2022,round-of-16,2022-12-04,Jordan Henderson,Henderson,ENG,SEN,38,,0,0,2022 FIFA World Cup knockout stage
2022,round-of-16,2022-12-04,Olivier Giroud,Giroud,FRA,POL,44,,0,0,2022 FIFA World Cup knockout stage
2022,round-of-16,2022-12-04,Harry Kane,Kane,ENG,SEN,45,3,0,0,2022 FIFA World Cup knockout stage
2022,round-of-16,2022-12-04,Bukayo Saka,Saka,ENG,SEN,57,,0,0,2022 FIFA World Cup knockout stage
2022,round-of-16,2022-12-04,Kylian Mbappé,Mbappé,FRA,POL,74,,0,0,2022 FIFA World Cup knockout stage
2022,round-of-16,2022-12-04,Kylian Mbappé,Mbappé,FRA,POL,90,1,0,0,2022 FIFA World Cup knockout stage
2022,round-of-16,2022-12-04,Robert Lewandowski,Lewandowski,POL,FRA,90,9,1,0,2022 FIFA World Cup knockout stage
2022,round-of-16,2022-12-05,Vinícius Júnior,Vinícius,BRA,KOR,7,,0,0,2022 FIFA World Cup knockout stage
2022,round-of-16,2022-12-05,Neymar,Neymar,BRA,KOR,13,,1,0,2022 FIFA World Cup knockout stage
2022,round-of-16,2022-12-05,Richarlison,Richarlison,BRA,KOR,29,,0,0,2022 FIFA World Cup knockout stage
2022,round-of-16,2022-12-05,Lucas Paquetá,Paquetá,BRA,KOR,36,,0,0,2022 FIFA World Cup knockout stage
2022,round-of-16,2022-12-05,Daizen Maeda,Maeda,JPN,CRO,43,,0,0,2022 FIFA World Cup knockout stage
2022,round-of-16,2022-12-05,Ivan Perišić,Perišić,CRO,JPN,55,,0,0,2022 FIFA World Cup knockout stage
2022,round-of-16,2022-12-05,Paik Seung-ho,Paik Seung-ho,KOR,BRA,76,,0,0,2022 FIFA World Cup knockout stage
2022,round-of-16,2022-12-06,Gonçalo Ramos,Ramos,POR,SUI,17,,0,0,2022 FIFA World Cup knockout stage
2022,round-of-16,2022-12-06,"Pepe (footballer, born 1983)",Pepe,POR,SUI,33,,0,0,2022 FIFA World Cup knockout stage
2022,round-of-16,2022-12-06,Gonçalo Ramos,Ramos,POR,SUI,51,,0,0,2022 FIFA World Cup knockout stage
2022,round-of-16,2022-12-06,Raphaël Guerreiro,Guerreiro,POR,SUI,55,,0,0,2022 FIFA World Cup knockout stage
2022,round-of-16,2022-12-06,Manuel Akanji,Akanji,SUI,POR,58,,0,0,2022 FIFA World Cup knockout stage
2022,round-of-16,2022-12-06,Gonçalo Ramos,Ramos,POR,SUI,67,,0,0,2022 FIFA World Cup knockout stage
2022,round-of-16,2022-12-06,Rafael Leão,Leão,POR,SUI,90,2,0,0,2022 FIFA World Cup knockout stage
2022,quarter-final,2022-12-09,Nahuel Molina,Molina,ARG,NED,35,,0,0,Battle of Lusail
2022,quarter-final,2022-12-09,Lionel Messi,Messi,ARG,NED,73,,1,0,Battle of Lusail
2022,quarter-final,2022-12-09,Wout Weghorst,Weghorst,NED,ARG,83,,0,0,Battle of Lusail
2022,quarter-final,2022-12-09,Wout Weghorst,Weghorst,NED,ARG,90,11,0,0,Battle of Lusail
2022,quarter-final,2022-12-09,Neymar,Neymar,BRA,CRO,105,1,0,0,2022 FIFA World Cup knockout stage
2022,quarter-final,2022-12-09,Bruno Petković,Petković,CRO,BRA,117,,0,0,2022 FIFA World Cup knockout stage
2022,quarter-final,2022-12-10,Aurélien Tchouaméni,Tchouaméni,FRA,ENG,17,,0,0,2022 FIFA World Cup knockout stage
2022,quarter-final,2022-12-10,Youssef En-Nesyri,En-Nesyri,MAR,POR,42,,0,0,2022 FIFA World Cup knockout stage
2022,quarter-final,2022-12-10,Harry Kane,Kane,ENG,FRA,54,,1,0,2022 FIFA World Cup knockout stage
2022,quarter-final,2022-12-10,Olivier Giroud,Giroud,FRA,ENG,78,,0,0,2022 FIFA World Cup knockout stage
2022,semi-final,2022-12-13,Lionel Messi,Messi,ARG,CRO,34,,1,0,2022 FIFA World Cup knockout stage
2022,semi-final,2022-12-13,Julián Alvarez,Alvarez,ARG,CRO,39,,0,0,2022 FIFA World Cup knockout stage
2022,semi-final,2022-12-13,Julián Alvarez,Alvarez,ARG,CRO,69,,0,0,2022 FIFA World Cup knockout stage
2022,semi-final,2022-12-14,Théo Hernandez,T. Hernandez,FRA,MAR,5,,0,0,2022 FIFA World Cup knockout stage
2022,semi-final,2022-12-14,Randal Kolo Muani,Kolo Muani,FRA,MAR,79,,0,0,2022 FIFA World Cup knockout stage
2022,third-place,2022-12-17,Joško Gvardiol,Gvardiol,CRO,MAR,7,,0,0,2022 FIFA World Cup knockout stage
2022,third-place,2022-12-17,Achraf Dari,Dari,MAR,CRO,9,,0,0,2022 FIFA World Cup knockout stage
2022,third-place,2022-12-17,Mislav Oršić,Oršić,CRO,MAR,42,,0,0,2022 FIFA World Cup knockout stage
2022,final,2022-12-18,Lionel Messi,Messi,ARG,FRA,23,,1,0,2022 FIFA World Cup final
2022,final,2022-12-18,Ángel Di María,Di María,ARG,FRA,36,,0,0,2022 FIFA World Cup final
2022,final,2022-12-18,Kylian Mbappé,Mbappé,FRA,ARG,80,,1,0,2022 FIFA World Cup final
2022,final,2022-12-18,Kylian Mbappé,Mbappé,FRA,ARG,81,,0,0,2022 FIFA World Cup final
2022,final,2022-12-18,Lionel Messi,Messi,ARG,FRA,108,,0,0,2022 FIFA World Cup final
2022,final,2022-12-18,Kylian Mbappé,Mbappé,FRA,ARG,118,,1,0,2022 FIFA World Cup final
2026,group,2026-06-11,Julián Quiñones,Quiñones,MEX,RSA,9,,0,0,2026 FIFA World Cup Group A
2026,group,2026-06-11,"Ladislav Krejčí (footballer, born 1999)",Krejčí,CZE,KOR,59,,0,0,2026 FIFA World Cup Group A
2026,group,2026-06-11,Hwang In-beom,Hwang In-beom,KOR,CZE,67,,0,0,2026 FIFA World Cup Group A
2026,group,2026-06-11,Raúl Jiménez,Jiménez,MEX,RSA,67,,0,0,2026 FIFA World Cup Group A
2026,group,2026-06-11,Oh Hyeon-gyu,Oh Hyeon-gyu,KOR,CZE,80,,0,0,2026 FIFA World Cup Group A
2026,group,2026-06-12,Damián Bobadilla,Bobadilla,PAR,USA,7,,0,1,2026 FIFA World Cup Group D
2026,group,2026-06-12,Jovo Lukić,Lukić,BIH,CAN,21,,0,0,2026 FIFA World Cup Group B
2026,group,2026-06-12,Folarin Balogun,Balogun,USA,PAR,31,,0,0,2026 FIFA World Cup Group D
2026,group,2026-06-12,Folarin Balogun,Balogun,USA,PAR,45,5,0,0,2026 FIFA World Cup Group D
2026,group,2026-06-12,"Maurício (footballer, born 2001)",Maurício,PAR,USA,73,,0,0,2026 FIFA World Cup Group D
2026,group,2026-06-12,Cyle Larin,Larin,CAN,BIH,78,,0,0,2026 FIFA World Cup Group B
2026,group,2026-06-12,Giovanni Reyna,Reyna,USA,PAR,90,8,0,0,2026 FIFA World Cup Group D
2026,group,2026-06-13,Breel Embolo,Embolo,SUI,QAT,17,,1,0,2026 FIFA World Cup Group B
2026,group,2026-06-13,Ismael Saibari,Saibari,MAR,BRA,21,,0,0,2026 FIFA World Cup Group C
2026,group,2026-06-13,Nestory Irankunda,Irankunda,AUS,TUR,27,,0,0,2026 FIFA World Cup Group D
2026,group,2026-06-13,John McGinn,McGinn,SCO,HAI,28,,0,0,2026 FIFA World Cup Group C
2026,group,2026-06-13,Vinícius Júnior,Vinícius,BRA,MAR,32,,0,0,2026 FIFA World Cup Group C
2026,group,2026-06-13,Connor Metcalfe,Metcalfe,AUS,TUR,75,,0,0,2026 FIFA World Cup Group D
2026,group,2026-06-13,Miro Muheim,Muheim,SUI,QAT,90,4,0,1,2026 FIFA World Cup Group B
2026,group,2026-06-14,Felix Nmecha,Nmecha,GER,CUW,6,,0,0,2026 FIFA World Cup Group E
2026,group,2026-06-14,Yasin Ayari,Ayari,SWE,TUN,7,,0,0,2026 FIFA World Cup Group F
2026,group,2026-06-14,Livano Comenencia,Comenencia,CUW,GER,21,,0,0,2026 FIFA World Cup Group E
2026,group,2026-06-14,Alexander Isak,Isak,SWE,TUN,30,,0,0,2026 FIFA World Cup Group F
2026,group,2026-06-14,Nico Schlotterbeck,Schlotterbeck,GER,CUW,38,,0,0,2026 FIFA World Cup Group E
2026,group,2026-06-14,Omar Rekik,Rekik,TUN,SWE,43,,0,0,2026 FIFA World Cup Group F
2026,group,2026-06-14,Kai Havertz,Havertz,GER,CUW,45,5,1,0,2026 FIFA World Cup Group E
2026,group,2026-06-14,Jamal Musiala,Musiala,GER,CUW,47,,0,0,2026 FIFA World Cup Group E
2026,group,2026-06-14,Virgil van Dijk,Van Dijk,NED,JPN,51,,0,0,2026 FIFA World Cup Group F
2026,group,2026-06-14,Keito Nakamura,Nakamura,JPN,NED,57,,0,0,2026 FIFA World Cup Group F
2026,group,2026-06-14,Viktor Gyökeres,Gyökeres,SWE,TUN,59,,0,0,2026 FIFA World Cup Group F
2026,group,2026-06-14,Crysencio Summerville,Summerville,NED,JPN,64,,0,0,2026 FIFA World Cup Group F
2026,group,2026-06-14,Nathaniel Brown (footballer),Brown,GER,CUW,68,,0,0,2026 FIFA World Cup Group E
2026,group,2026-06-14,Deniz Undav,Undav,GER,CUW,78,,0,0,2026 FIFA World Cup Group E
2026,group,2026-06-14,Mattias Svanberg,Svanberg,SWE,TUN,84,,0,0,2026 FIFA World Cup Group F
2026,group,2026-06-14,Daichi Kamada,Kamada,JPN,NED,88,,0,0,2026 FIFA World Cup Group F
2026,group,2026-06-14,Kai Havertz,Havertz,GER,CUW,88,,0,0,2026 FIFA World Cup Group E
2026,group,2026-06-14,Amad Diallo,Diallo,CIV,ECU,90,,0,0,2026 FIFA World Cup Group E
2026,group,2026-06-14,Yasin Ayari,Ayari,SWE,TUN,90,6,0,0,2026 FIFA World Cup Group F
2026,group,2026-06-15,Elijah Just,Just,NZL,IRN,7,,0,0,2026 FIFA World Cup Group G
2026,group,2026-06-15,Emam Ashour,Ashour,EGY,BEL,19,,0,0,2026 FIFA World Cup Group G
2026,group,2026-06-15,Ramin Rezaeian,Rezaeian,IRN,NZL,32,,0,0,2026 FIFA World Cup Group G
2026,group,2026-06-15,Abdulelah Al-Amri,Al-Amri,KSA,URU,41,,0,0,2026 FIFA World Cup Group H
2026,group,2026-06-15,Elijah Just,Just,NZL,IRN,54,,0,0,2026 FIFA World Cup Group G
2026,group,2026-06-15,Mohammad Mohebi,Mohebi,IRN,NZL,64,,0,0,2026 FIFA World Cup Group G
2026,group,2026-06-15,Mohamed Hany,Hany,EGY,BEL,66,,0,1,2026 FIFA World Cup Group G
2026,group,2026-06-15,Maximiliano Araújo,M. Araújo,URU,KSA,80,,0,0,2026 FIFA World Cup Group H
2026,group,2026-06-16,Lionel Messi,Messi,ARG,ALG,17,,0,0,2026 FIFA World Cup Group J
2026,group,2026-06-16,Romano Schmid,Schmid,AUT,JOR,20,,0,0,2026 FIFA World Cup Group J
2026,group,2026-06-16,Erling Haaland,Haaland,NOR,IRQ,29,,0,0,2026 FIFA World Cup Group I
2026,group,2026-06-16,Aymen Hussein,Hussein,IRQ,NOR,39,,0,0,2026 FIFA World Cup Group I
2026,group,2026-06-16,Erling Haaland,Haaland,NOR,IRQ,43,,0,0,2026 FIFA World Cup Group I
2026,group,2026-06-16,Ali Olwan,Olwan,JOR,AUT,50,,0,0,2026 FIFA World Cup Group J
2026,group,2026-06-16,Lionel Messi,Messi,ARG,ALG,60,,0,0,2026 FIFA World Cup Group J
2026,group,2026-06-16,Kylian Mbappé,Mbappé,FRA,SEN,66,,0,0,2026 FIFA World Cup Group I
2026,group,2026-06-16,Leo Østigård,Østigård,NOR,IRQ,76,,0,0,2026 FIFA World Cup Group I
2026,group,2026-06-16,Lionel Messi,Messi,ARG,ALG,76,,0,0,2026 FIFA World Cup Group J
2026,group,2026-06-16,Yazan Al-Arab,Al-Arab,JOR,AUT,76,,0,1,2026 FIFA World Cup Group J
2026,group,2026-06-16,Bradley Barcola,Barcola,FRA,SEN,82,,0,0,2026 FIFA World Cup Group I
2026,group,2026-06-16,Marko Arnautović,Arnautović,AUT,JOR,90,12,1,0,2026 FIFA World Cup Group J
2026,group,2026-06-16,Ibrahim Mbaye,Mbaye,SEN,FRA,90,5,0,0,2026 FIFA World Cup Group I
2026,group,2026-06-16,Aymen Hussein,Hussein,IRQ,NOR,90,6,0,1,2026 FIFA World Cup Group I
2026,group,2026-06-16,Kylian Mbappé,Mbappé,FRA,SEN,90,6,0,0,2026 FIFA World Cup Group I
2026,group,2026-06-17,João Neves,J. Neves,POR,COD,6,,0,0,2026 FIFA World Cup Group K
2026,group,2026-06-17,Harry Kane,Kane,ENG,CRO,12,,1,0,2026 FIFA World Cup Group L
2026,group,2026-06-17,Martin Baturina,Baturina,CRO,ENG,36,,0,0,2026 FIFA World Cup Group L
2026,group,2026-06-17,Daniel Muñoz (footballer),Muñoz,COL,UZB,40,,0,0,2026 FIFA World Cup Group K
2026,group,2026-06-17,Harry Kane,Kane,ENG,CRO,42,,0,0,2026 FIFA World Cup Group L
2026,group,2026-06-17,Petar Musa,Musa,CRO,ENG,45,5,0,0,2026 FIFA World Cup Group L
2026,group,2026-06-17,Yoane Wissa,Wissa,COD,POR,45,5,0,0,2026 FIFA World Cup Group K
2026,group,2026-06-17,Jude Bellingham,Bellingham,ENG,CRO,47,,0,0,2026 FIFA World Cup Group L
2026,group,2026-06-17,Abbosbek Fayzullaev,Fayzullaev,UZB,COL,60,,0,0,2026 FIFA World Cup Group K
2026,group,2026-06-17,"Luis Díaz (footballer, born 1997)",Díaz,COL,UZB,65,,0,0,2026 FIFA World Cup Group K
2026,group,2026-06-17,Marcus Rashford,Rashford,ENG,CRO,85,,0,0,2026 FIFA World Cup Group L
2026,group,2026-06-17,Caleb Yirenkyi,Yirenkyi,GHA,PAN,90,5,0,0,2026 FIFA World Cup Group L
2026,group,2026-06-17,Jaminton Campaz,Campaz,COL,UZB,90,9,0,0,2026 FIFA World Cup Group K
2026,group,2026-06-18,Michal Sadílek,Sadílek,CZE,RSA,6,,0,0,2026 FIFA World Cup Group A
2026,group,2026-06-18,Cyle Larin,Larin,CAN,QAT,16,,0,0,2026 FIFA World Cup Group B
2026,group,2026-06-18,Jonathan David,J. David,CAN,QAT,29,,0,0,2026 FIFA World Cup Group B
2026,group,2026-06-18,Jonathan David,J. David,CAN,QAT,45,3,0,0,2026 FIFA World Cup Group B
2026,group,2026-06-18,Luis Romo,Romo,MEX,KOR,50,,0,0,2026 FIFA World Cup Group A
2026,group,2026-06-18,Nathan Saliba,Saliba,CAN,QAT,64,,0,0,2026 FIFA World Cup Group B
2026,group,2026-06-18,Johan Manzambi,Manzambi,SUI,BIH,74,,0,0,2026 FIFA World Cup Group B
2026,group,2026-06-18,Mohamed Manai,Manai,QAT,CAN,75,,0,1,2026 FIFA World Cup Group B
2026,group,2026-06-18,"Teboho Mokoena (soccer, born 1997)",Mokoena,RSA,CZE,83,,1,0,2026 FIFA World Cup Group A
2026,group,2026-06-18,Rubén Vargas,Vargas,SUI,BIH,84,,0,0,2026 FIFA World Cup Group B
2026,group,2026-06-18,Johan Manzambi,Manzambi,SUI,BIH,90,,0,0,2026 FIFA World Cup Group B
2026,group,2026-06-18,Jonathan David,J. David,CAN,QAT,90,2,0,0,2026 FIFA World Cup Group B
2026,group,2026-06-18,Ermin Mahmić,Mahmić,BIH,SUI,90,3,0,0,2026 FIFA World Cup Group B
2026,group,2026-06-18,Granit Xhaka,Xhaka,SUI,BIH,90,7,1,0,2026 FIFA World Cup Group B
2026,group,2026-06-19,Ismael Saibari,Saibari,MAR,SCO,2,,0,0,2026 FIFA World Cup Group C
2026,group,2026-06-19,Matías Galarza (Paraguayan footballer),Galarza,PAR,TUR,2,,0,0,2026 FIFA World Cup Group D
2026,group,2026-06-19,Cameron Burgess,Burgess,AUS,USA,11,,0,1,2026 FIFA World Cup Group D
2026,group,2026-06-19,Matheus Cunha,Cunha,BRA,HAI,23,,0,0,2026 FIFA World Cup Group C
2026,group,2026-06-19,Matheus Cunha,Cunha,BRA,HAI,36,,0,0,2026 FIFA World Cup Group C
2026,group,2026-06-19,Alex Freeman,Freeman,USA,AUS,43,,0,0,2026 FIFA World Cup Group D
2026,group,2026-06-19,Vinícius Júnior,Vinícius,BRA,HAI,45,3,0,0,2026 FIFA World Cup Group C
2026,group,2026-06-20,Daichi Kamada,Kamada,JPN,TUN,4,,0,0,2026 FIFA World Cup Group F
2026,group,2026-06-20,Brian Brobbey,Brobbey,NED,SWE,5,,0,0,2026 FIFA World Cup Group F
2026,group,2026-06-20,Brian Brobbey,Brobbey,NED,SWE,17,,0,0,2026 FIFA World Cup Group F
2026,group,2026-06-20,Franck Kessié,Kessié,CIV,GER,30,,0,0,2026 FIFA World Cup Group E
2026,group,2026-06-20,Ayase Ueda,Ueda,JPN,TUN,31,,0,0,2026 FIFA World Cup Group F
2026,group,2026-06-20,Cody Gakpo,Gakpo,NED,SWE,47,,0,0,2026 FIFA World Cup Group F
2026,group,2026-06-20,Cody Gakpo,Gakpo,NED,SWE,54,,0,0,2026 FIFA World Cup Group F
2026,group,2026-06-20,Anthony Elanga,Elanga,SWE,NED,59,,0,0,2026 FIFA World Cup Group F
2026,group,2026-06-20,Deniz Undav,Undav,GER,CIV,68,,0,0,2026 FIFA World Cup Group E
2026,group,2026-06-20,Junya Itō,J. Itō,JPN,TUN,69,,0,0,2026 FIFA World Cup Group F
2026,group,2026-06-20,Ayase Ueda,Ueda,JPN,TUN,83,,0,0,2026 FIFA World Cup Group F
2026,group,2026-06-20,Crysencio Summerville,Summerville,NED,SWE,89,,0,0,2026 FIFA World Cup Group F
2026,group,2026-06-20,Deniz Undav,Undav,GER,CIV,90,4,0,0,2026 FIFA World Cup Group E
2026,group,2026-06-21,Lamine Yamal,Yamal,ESP,KSA,10,,0,0,2026 FIFA World Cup Group H
2026,group,2026-06-21,Finn Surman,Surman,NZL,EGY,15,,0,0,2026 FIFA World Cup Group G
2026,group,2026-06-21,Kevin Pina (footballer),K. Pina,CPV,URU,21,,0,0,2026 FIFA World Cup Group H
2026,group,2026-06-21,Mikel Oyarzabal,Oyarzabal,ESP,KSA,21,,0,0,2026 FIFA World Cup Group H
2026,group,2026-06-21,Mikel Oyarzabal,Oyarzabal,ESP,KSA,24,,0,0,2026 FIFA World Cup Group H
2026,group,2026-06-21,Maximiliano Araújo,M. Araújo,URU,CPV,44,,0,0,2026 FIFA World Cup Group H
2026,group,2026-06-21,Agustín Canobbio,Canobbio,URU,CPV,45,6,0,0,2026 FIFA World Cup Group H
2026,group,2026-06-21,Hassan Al-Tambakti,Al-Tambakti,KSA,ESP,49,,0,1,2026 FIFA World Cup Group H
2026,group,2026-06-21,Mostafa Ziko,Ziko,EGY,NZL,58,,0,0,2026 FIFA World Cup Group G
2026,group,2026-06-21,Hélio Varela,Varela,CPV,URU,61,,0,0,2026 FIFA World Cup Group H
2026,group,2026-06-21,Mohamed Salah,Salah,EGY,NZL,67,,0,0,2026 FIFA World Cup Group G
2026,group,2026-06-21,Trézéguet (Egyptian footballer),Trézéguet,EGY,NZL,82,,0,0,2026 FIFA World Cup Group G
2026,group,2026-06-22,Kylian Mbappé,Mbappé,FRA,IRQ,14,,0,0,2026 FIFA World Cup Group I
2026,group,2026-06-22,Nizar Al-Rashdan,Al-Rashdan,JOR,ALG,36,,0,0,2026 FIFA World Cup Group J
2026,group,2026-06-22,Lionel Messi,Messi,ARG,AUT,38,,0,0,2026 FIFA World Cup Group J
2026,group,2026-06-22,Marcus Holmgren Pedersen,Pedersen,NOR,SEN,43,,0,0,2026 FIFA World Cup Group I
2026,group,2026-06-22,Erling Haaland,Haaland,NOR,SEN,48,,0,0,2026 FIFA World Cup Group I
2026,group,2026-06-22,Ismaïla Sarr,I. Sarr,SEN,NOR,53,,0,0,2026 FIFA World Cup Group I
2026,group,2026-06-22,Kylian Mbappé,Mbappé,FRA,IRQ,54,,0,0,2026 FIFA World Cup Group I
2026,group,2026-06-22,Erling Haaland,Haaland,NOR,SEN,58,,0,0,2026 FIFA World Cup Group I
2026,group,2026-06-22,Ousmane Dembélé,Dembélé,FRA,IRQ,66,,0,0,2026 FIFA World Cup Group I
2026,group,2026-06-22,Nadhir Benbouali,Benbouali,ALG,JOR,69,,0,0,2026 FIFA World Cup Group J
2026,group,2026-06-22,Amine Gouiri,Gouiri,ALG,JOR,82,,0,0,2026 FIFA World Cup Group J
2026,group,2026-06-22,Ismaïla Sarr,I. Sarr,SEN,NOR,90,3,0,0,2026 FIFA World Cup Group I
2026,group,2026-06-22,Lionel Messi,Messi,ARG,AUT,90,5,0,0,2026 FIFA World Cup Group J
2026,group,2026-06-23,Cristiano Ronaldo,Ronaldo,POR,UZB,6,,0,0,2026 FIFA World Cup Group K
2026,group,2026-06-23,"Nuno Mendes (footballer, born 2002)",Mendes,POR,UZB,17,,0,0,2026 FIFA World Cup Group K
2026,group,2026-06-23,Cristiano Ronaldo,Ronaldo,POR,UZB,39,,0,0,2026 FIFA World Cup Group K
2026,group,2026-06-23,Ante Budimir,Budimir,CRO,PAN,54,,0,0,2026 FIFA World Cup Group L
2026,group,2026-06-23,Abduvohid Nematov,Nematov,UZB,POR,60,,0,1,2026 FIFA World Cup Group K
2026,group,2026-06-23,Daniel Muñoz (footballer),Muñoz,COL,COD,76,,0,0,2026 FIFA World Cup Group K
2026,group,2026-06-23,Rafael Leão,Leão,POR,UZB,87,,0,0,2026 FIFA World Cup Group K
2026,group,2026-06-24,Vinícius Júnior,Vinícius,BRA,SCO,7,,0,0,2026 FIFA World Cup Group C
2026,group,2026-06-24,Yassine Bounou,Bounou,MAR,HAI,10,,0,1,2026 FIFA World Cup Group C
2026,group,2026-06-24,Kerim Alajbegović,Alajbegović,BIH,QAT,29,,0,0,2026 FIFA World Cup Group B
2026,group,2026-06-24,Mahmud Abunada,Abunada,QAT,BIH,34,,0,1,2026 FIFA World Cup Group B
2026,group,2026-06-24,Achraf Hakimi,Hakimi,MAR,HAI,39,,0,0,2026 FIFA World Cup Group C
2026,group,2026-06-24,Hassan Al-Haydos,Al-Haydos,QAT,BIH,42,,0,0,2026 FIFA World Cup Group B
2026,group,2026-06-24,Wilson Isidor,Isidor,HAI,MAR,43,,0,0,2026 FIFA World Cup Group C
2026,group,2026-06-24,Ismael Saibari,Saibari,MAR,HAI,45,1,0,0,2026 FIFA World Cup Group C
2026,group,2026-06-24,Vinícius Júnior,Vinícius,BRA,SCO,45,3,0,0,2026 FIFA World Cup Group C
2026,group,2026-06-24,Rubén Vargas,Vargas,SUI,CAN,46,,0,0,2026 FIFA World Cup Group B
2026,group,2026-06-24,Mateo Chávez,M. Chávez,MEX,CZE,55,,0,0,2026 FIFA World Cup Group A
2026,group,2026-06-24,Johan Manzambi,Manzambi,SUI,CAN,57,,0,0,2026 FIFA World Cup Group B
2026,group,2026-06-24,Matheus Cunha,Cunha,BRA,SCO,60,,0,0,2026 FIFA World Cup Group C
2026,group,2026-06-24,Julián Quiñones,Quiñones,MEX,CZE,61,,0,0,2026 FIFA World Cup Group A
2026,group,2026-06-24,Thapelo Maseko,Maseko,RSA,KOR,63,,0,0,2026 FIFA World Cup Group A
2026,group,2026-06-24,Promise David,P. David,CAN,SUI,76,,0,0,2026 FIFA World Cup Group B
2026,group,2026-06-24,Soufiane Rahimi,Rahimi,MAR,HAI,78,,0,0,2026 FIFA World Cup Group C
2026,group,2026-06-24,Ermin Mahmić,Mahmić,BIH,QAT,80,,0,0,2026 FIFA World Cup Group B
2026,group,2026-06-24,Gessime Yassine,Yassine,MAR,HAI,89,,0,0,2026 FIFA World Cup Group C
2026,group,2026-06-24,Álvaro Fidalgo,Fidalgo,MEX,CZE,90,4,0,0,2026 FIFA World Cup Group A
2026,group,2026-06-25,Leroy Sané,Sané,GER,ECU,2,,0,0,2026 FIFA World Cup Group E
2026,group,2026-06-25,Auston Trusty,Trusty,USA,TUR,3,,0,0,2026 FIFA World Cup Group D
2026,group,2026-06-25,Ellyes Skhiri,Skhiri,TUN,NED,3,,0,1,2026 FIFA World Cup Group F
2026,group,2026-06-25,Brian Brobbey,Brobbey,NED,TUN,7,,0,0,2026 FIFA World Cup Group F
2026,group,2026-06-25,Nicolas Pépé,Pépé,CIV,CUW,7,,0,0,2026 FIFA World Cup Group E
2026,group,2026-06-25,Nilson Angulo,Angulo,ECU,GER,9,,0,0,2026 FIFA World Cup Group E
2026,group,2026-06-25,Arda Güler,Güler,TUR,USA,10,,0,0,2026 FIFA World Cup Group D
2026,group,2026-06-25,Barış Alper Yılmaz,Yılmaz,TUR,USA,31,,0,0,2026 FIFA World Cup Group D
2026,group,2026-06-25,Sebastian Berhalter,Berhalter,USA,TUR,49,,0,0,2026 FIFA World Cup Group D
2026,group,2026-06-25,Hazem Mastouri,Mastouri,TUN,NED,54,,0,0,2026 FIFA World Cup Group F
2026,group,2026-06-25,Daizen Maeda,Maeda,JPN,SWE,56,,0,0,2026 FIFA World Cup Group F
2026,group,2026-06-25,Anthony Elanga,Elanga,SWE,JPN,62,,0,0,2026 FIFA World Cup Group F
2026,group,2026-06-25,Jan Paul van Hecke,Van Hecke,NED,TUN,62,,0,0,2026 FIFA World Cup Group F
2026,group,2026-06-25,Nicolas Pépé,Pépé,CIV,CUW,64,,0,0,2026 FIFA World Cup Group E
2026,group,2026-06-25,Gonzalo Plata,Plata,ECU,GER,77,,0,0,2026 FIFA World Cup Group E
2026,group,2026-06-25,Kaan Ayhan,Ayhan,TUR,USA,90,8,0,0,2026 FIFA World Cup Group D
2026,group,2026-06-26,Habib Diarra,Diarra,SEN,IRQ,4,,0,0,2026 FIFA World Cup Group I
2026,group,2026-06-26,Mahmoud Saber,Saber,EGY,IRN,5,,0,0,2026 FIFA World Cup Group G
2026,group,2026-06-26,Ousmane Dembélé,Dembélé,FRA,NOR,7,,0,0,2026 FIFA World Cup Group I
2026,group,2026-06-26,Ramin Rezaeian,Rezaeian,IRN,EGY,14,,0,0,2026 FIFA World Cup Group G
2026,group,2026-06-26,Ousmane Dembélé,Dembélé,FRA,NOR,20,,0,0,2026 FIFA World Cup Group I
2026,group,2026-06-26,Thelo Aasgaard,Aasgaard,NOR,FRA,21,,0,0,2026 FIFA World Cup Group I
2026,group,2026-06-26,Leandro Trossard,Trossard,BEL,NZL,28,,0,0,2026 FIFA World Cup Group G
2026,group,2026-06-26,Ousmane Dembélé,Dembélé,FRA,NOR,32,,0,0,2026 FIFA World Cup Group I
2026,group,2026-06-26,Álex Baena,Baena,ESP,URU,42,,0,0,2026 FIFA World Cup Group H
2026,group,2026-06-26,Leandro Trossard,Trossard,BEL,NZL,50,,0,0,2026 FIFA World Cup Group G
2026,group,2026-06-26,Ismaïla Sarr,I. Sarr,SEN,IRQ,56,,0,0,2026 FIFA World Cup Group I
2026,group,2026-06-26,Pape Gueye,P. Gueye,SEN,IRQ,59,,0,0,2026 FIFA World Cup Group I
2026,group,2026-06-26,Kevin De Bruyne,De Bruyne,BEL,NZL,66,,0,0,2026 FIFA World Cup Group G
2026,group,2026-06-26,Pape Gueye,P. Gueye,SEN,IRQ,71,,0,0,2026 FIFA World Cup Group I
2026,group,2026-06-26,Iliman Ndiaye,I. Ndiaye,SEN,IRQ,82,,0,0,2026 FIFA World Cup Group I
2026,group,2026-06-26,Elijah Just,Just,NZL,BEL,84,,0,0,2026 FIFA World Cup Group G
2026,group,2026-06-26,Romelu Lukaku,Lukaku,BEL,NZL,86,,0,0,2026 FIFA World Cup Group G
2026,group,2026-06-26,Alexis Saelemaekers,Saelemaekers,BEL,NZL,90,4,0,0,2026 FIFA World Cup Group G
2026,group,2026-06-26,Désiré Doué,Doué,FRA,NOR,90,4,0,0,2026 FIFA World Cup Group I
2026,group,2026-06-27,Eldor Shomurodov,Shomurodov,UZB,COD,10,,0,0,2026 FIFA World Cup Group K
2026,group,2026-06-27,Giovani Lo Celso,Lo Celso,ARG,JOR,19,,0,0,2026 FIFA World Cup Group J
2026,group,2026-06-27,Marko Arnautović,Arnautović,AUT,ALG,28,,0,0,2026 FIFA World Cup Group J
2026,group,2026-06-27,Lautaro Martínez,La. Martínez,ARG,JOR,31,,1,0,2026 FIFA World Cup Group J
2026,group,2026-06-27,Petar Sučić,P. Sučić,CRO,GHA,31,,0,0,2026 FIFA World Cup Group L
2026,group,2026-06-27,Rafik Belghali,Belghali,ALG,AUT,45,,0,0,2026 FIFA World Cup Group J
2026,group,2026-06-27,Marcel Sabitzer,Sabitzer,AUT,ALG,55,,0,0,2026 FIFA World Cup Group J
2026,group,2026-06-27,Musa Al-Taamari,Al-Taamari,JOR,ARG,55,,0,0,2026 FIFA World Cup Group J
2026,group,2026-06-27,Riyad Mahrez,Mahrez,ALG,AUT,60,,0,0,2026 FIFA World Cup Group J
2026,group,2026-06-27,Jude Bellingham,Bellingham,ENG,PAN,62,,0,0,2026 FIFA World Cup Group L
2026,group,2026-06-27,Harry Kane,Kane,ENG,PAN,67,,0,0,2026 FIFA World Cup Group L
2026,group,2026-06-27,Yoane Wissa,Wissa,COD,UZB,68,,1,0,2026 FIFA World Cup Group K
2026,group,2026-06-27,Derrick Luckassen,Luckassen,GHA,CRO,73,,0,0,2026 FIFA World Cup Group L
2026,group,2026-06-27,Fiston Mayele,Mayele,COD,UZB,78,,0,0,2026 FIFA World Cup Group K
2026,group,2026-06-27,Lionel Messi,Messi,ARG,JOR,80,,0,0,2026 FIFA World Cup Group J
2026,group,2026-06-27,Nikola Vlašić,Vlašić,CRO,GHA,83,,0,0,2026 FIFA World Cup Group L
2026,group,2026-06-27,Yoane Wissa,Wissa,COD,UZB,90,1,0,0,2026 FIFA World Cup Group K
2026,group,2026-06-27,Riyad Mahrez,Mahrez,ALG,AUT,90,3,0,0,2026 FIFA World Cup Group J
2026,group,2026-06-27,Saša Kalajdžić,Kalajdžić,AUT,ALG,90,6,0,0,2026 FIFA World Cup Group J
2026,round-of-32,2026-06-28,Stephen Eustáquio,Eustáquio,CAN,RSA,90,2,0,0,2026 FIFA World Cup round of 32
2026,round-of-32,2026-06-29,Kaishū Sano,Sano,JPN,BRA,29,,0,0,2026 FIFA World Cup round of 32
2026,round-of-32,2026-06-29,"Julio Enciso (footballer, born 2004)",Enciso,PAR,GER,42,,0,0,2026 FIFA World Cup round of 32
2026,round-of-32,2026-06-29,Kai Havertz,Havertz,GER,PAR,54,,0,0,2026 FIFA World Cup round of 32
2026,round-of-32,2026-06-29,Casemiro,Casemiro,BRA,JPN,56,,0,0,2026 FIFA World Cup round of 32
2026,round-of-32,2026-06-29,Cody Gakpo,Gakpo,NED,MAR,72,,0,0,2026 FIFA World Cup round of 32
2026,round-of-32,2026-06-29,Issa Diop (footballer),Diop,MAR,NED,90,1,0,0,2026 FIFA World Cup round of 32
2026,round-of-32,2026-06-29,Gabriel Martinelli,Martinelli,BRA,JPN,90,5,0,0,2026 FIFA World Cup round of 32
2026,round-of-32,2026-06-30,Julián Quiñones,Quiñones,MEX,ECU,22,,0,0,2026 FIFA World Cup round of 32
2026,round-of-32,2026-06-30,Raúl Jiménez,Jiménez,MEX,ECU,31,,0,0,2026 FIFA World Cup round of 32
2026,round-of-32,2026-06-30,Antonio Nusa,Nusa,NOR,CIV,39,,0,0,2026 FIFA World Cup round of 32
2026,round-of-32,2026-06-30,Kylian Mbappé,Mbappé,FRA,SWE,45,,0,0,2026 FIFA World Cup round of 32
2026,round-of-32,2026-06-30,Bradley Barcola,Barcola,FRA,SWE,53,,0,0,2026 FIFA World Cup round of 32
2026,round-of-32,2026-06-30,Amad Diallo,Diallo,CIV,NOR,74,,0,0,2026 FIFA World Cup round of 32
2026,round-of-32,2026-06-30,Kylian Mbappé,Mbappé,FRA,SWE,74,,0,0,2026 FIFA World Cup round of 32
2026,round-of-32,2026-06-30,Erling Haaland,Haaland,NOR,CIV,86,,0,0,2026 FIFA World Cup round of 32
2026,round-of-32,2026-07-01,Brian Cipenga,Cipenga,COD,ENG,7,,0,0,2026 FIFA World Cup round of 32
2026,round-of-32,2026-07-01,Habib Diarra,Diarra,SEN,BEL,25,,0,0,2026 FIFA World Cup round of 32
2026,round-of-32,2026-07-01,Folarin Balogun,Balogun,USA,BIH,45,,0,0,2026 FIFA World Cup round of 32
2026,round-of-32,2026-07-01,Ismaïla Sarr,I. Sarr,SEN,BEL,51,,0,0,2026 FIFA World Cup round of 32
2026,round-of-32,2026-07-01,Harry Kane,Kane,ENG,COD,75,,0,0,2026 FIFA World Cup round of 32
2026,round-of-32,2026-07-01,Malik Tillman,Tillman,USA,BIH,82,,0,0,2026 FIFA World Cup round of 32
2026,round-of-32,2026-07-01,Harry Kane,Kane,ENG,COD,86,,0,0,2026 FIFA World Cup round of 32
2026,round-of-32,2026-07-01,Romelu Lukaku,Lukaku,BEL,SEN,86,,0,0,2026 FIFA World Cup round of 32
2026,round-of-32,2026-07-01,Youri Tielemans,Tielemans,BEL,SEN,89,,0,0,2026 FIFA World Cup round of 32
2026,round-of-32,2026-07-01,Youri Tielemans,Tielemans,BEL,SEN,120,5,1,0,2026 FIFA World Cup round of 32
2026,round-of-32,2026-07-02,Breel Embolo,Embolo,SUI,ALG,10,,0,0,2026 FIFA World Cup round of 32
2026,round-of-32,2026-07-02,Mikel Oyarzabal,Oyarzabal,ESP,AUT,36,,0,0,2026 FIFA World Cup round of 32
2026,round-of-32,2026-07-02,Dan Ndoye,Ndoye,SUI,ALG,46,,0,0,2026 FIFA World Cup round of 32
2026,round-of-32,2026-07-02,Ivan Perišić,Perišić,CRO,POR,53,,0,0,2026 FIFA World Cup round of 32
2026,round-of-32,2026-07-02,Pedro Porro,Porro,ESP,AUT,66,,0,0,2026 FIFA World Cup round of 32
2026,round-of-32,2026-07-02,Cristiano Ronaldo,Ronaldo,POR,CRO,68,,1,0,2026 FIFA World Cup round of 32
2026,round-of-32,2026-07-02,Mikel Oyarzabal,Oyarzabal,ESP,AUT,89,,0,0,2026 FIFA World Cup round of 32
2026,round-of-32,2026-07-02,Gonçalo Ramos,Ramos,POR,CRO,90,4,0,0,2026 FIFA World Cup round of 32
2026,round-of-32,2026-07-03,Emam Ashour,Ashour,EGY,AUS,13,,0,0,2026 FIFA World Cup round of 32
2026,round-of-32,2026-07-03,Jhon Arias (footballer),J. Arias,COL,GHA,14,,0,0,2026 FIFA World Cup round of 32
2026,round-of-32,2026-07-03,Lionel Messi,Messi,ARG,CPV,29,,0,0,2026 FIFA World Cup round of 32
2026,round-of-32,2026-07-03,Mohamed Hany,Hany,EGY,AUS,55,,0,1,2026 FIFA World Cup round of 32
2026,round-of-32,2026-07-03,Deroy Duarte,D. Duarte,CPV,ARG,59,,0,0,2026 FIFA World Cup round of 32
2026,round-of-32,2026-07-03,Lisandro Martínez,Li. Martínez,ARG,CPV,92,,0,0,2026 FIFA World Cup round of 32
2026,round-of-32,2026-07-03,Sidny Lopes Cabral,Lopes Cabral,CPV,ARG,103,,0,0,2026 FIFA World Cup round of 32
2026,round-of-32,2026-07-03,"Diney (footballer, born 1995)",Diney,CPV,ARG,111,,0,1,2026 FIFA World Cup round of 32
2026,round-of-16,2026-07-04,Azzedine Ounahi,Ounahi,MAR,CAN,50,,0,0,2026 FIFA World Cup knockout stage
2026,round-of-16,2026-07-04,Kylian Mbappé,Mbappé,FRA,PAR,70,,1,0,2026 FIFA World Cup knockout stage
2026,round-of-16,2026-07-04,Azzedine Ounahi,Ounahi,MAR,CAN,82,,0,0,2026 FIFA World Cup knockout stage
2026,round-of-16,2026-07-04,Soufiane Rahimi,Rahimi,MAR,CAN,90,8,0,0,2026 FIFA World Cup knockout stage
2026,round-of-16,2026-07-05,Jude Bellingham,Bellingham,ENG,MEX,36,,0,0,2026 FIFA World Cup knockout stage
2026,round-of-16,2026-07-05,Jude Bellingham,Bellingham,ENG,MEX,38,,0,0,2026 FIFA World Cup knockout stage
2026,round-of-16,2026-07-05,Julián Quiñones,Quiñones,MEX,ENG,42,,0,0,2026 FIFA World Cup knockout stage
2026,round-of-16,2026-07-05,Harry Kane,Kane,ENG,MEX,60,,1,0,2026 FIFA World Cup knockout stage
2026,round-of-16,2026-07-05,Raúl Jiménez,Jiménez,MEX,ENG,69,,1,0,2026 FIFA World Cup knockout stage
2026,round-of-16,2026-07-05,Erling Haaland,Haaland,NOR,BRA,79,,0,0,2026 FIFA World Cup knockout stage
2026,round-of-16,2026-07-05,Erling Haaland,Haaland,NOR,BRA,90,,0,0,2026 FIFA World Cup knockout stage
2026,round-of-16,2026-07-05,Neymar,Neymar,BRA,NOR,90,10,1,0,2026 FIFA World Cup knockout stage
2026,round-of-16,2026-07-06,Charles De Ketelaere,De Ketelaere,BEL,USA,9,,0,0,2026 FIFA World Cup knockout stage
2026,round-of-16,2026-07-06,Malik Tillman,Tillman,USA,BEL,31,,0,0,2026 FIFA World Cup knockout stage
2026,round-of-16,2026-07-06,Charles De Ketelaere,De Ketelaere,BEL,USA,33,,0,0,2026 FIFA World Cup knockout stage
2026,round-of-16,2026-07-06,Hans Vanaken,Vanaken,BEL,USA,57,,0,0,2026 FIFA World Cup knockout stage
2026,round-of-16,2026-07-06,Mikel Merino,Merino,ESP,POR,90,1,0,0,2026 FIFA World Cup knockout stage
2026,round-of-16,2026-07-06,Romelu Lukaku,Lukaku,BEL,USA,90,3,0,0,2026 FIFA World Cup knockout stage
2026,round-of-16,2026-07-07,Yasser Ibrahim,Ibrahim,EGY,ARG,15,,0,0,2026 FIFA World Cup knockout stage
2026,round-of-16,2026-07-07,Mostafa Ziko,Ziko,EGY,ARG,67,,0,0,2026 FIFA World Cup knockout stage
2026,round-of-16,2026-07-07,Cristian Romero,Romero,ARG,EGY,79,,0,0,2026 FIFA World Cup knockout stage
2026,round-of-16,2026-07-07,Lionel Messi,Messi,ARG,EGY,83,,0,0,2026 FIFA World Cup knockout stage
2026,round-of-16,2026-07-07,Enzo Fernández,Fernández,ARG,EGY,90,2,0,0,2026 FIFA World Cup knockout stage
2026,quarter-final,2026-07-09,Kylian Mbappé,Mbappé,FRA,MAR,60,,0,0,2026 FIFA World Cup knockout stage
2026,quarter-final,2026-07-09,Ousmane Dembélé,Dembélé,FRA,MAR,66,,0,0,2026 FIFA World Cup knockout stage
2026,quarter-final,2026-07-10,Fabián Ruiz,Fabián,ESP,BEL,30,,0,0,2026 FIFA World Cup knockout stage
2026,quarter-final,2026-07-10,Charles De Ketelaere,De Ketelaere,BEL,ESP,41,,0,0,2026 FIFA World Cup knockout stage
2026,quarter-final,2026-07-10,Mikel Merino,Merino,ESP,BEL,88,,0,0,2026 FIFA World Cup knockout stage
2026,quarter-final,2026-07-11,Alexis Mac Allister,Mac Allister,ARG,SUI,10,,0,0,2026 FIFA World Cup knockout stage
2026,quarter-final,2026-07-11,Andreas Schjelderup,Schjelderup,NOR,ENG,36,,0,0,2026 FIFA World Cup knockout stage
2026,quarter-final,2026-07-11,Jude Bellingham,Bellingham,ENG,NOR,45,2,0,0,2026 FIFA World Cup knockout stage
2026,quarter-final,2026-07-11,Dan Ndoye,Ndoye,SUI,ARG,67,,0,0,2026 FIFA World Cup knockout stage
2026,quarter-final,2026-07-11,Jude Bellingham,Bellingham,ENG,NOR,93,,0,0,2026 FIFA World Cup knockout stage
2026,quarter-final,2026-07-11,Julián Alvarez,Alvarez,ARG,SUI,112,,0,0,2026 FIFA World Cup knockout stage
2026,quarter-final,2026-07-11,Lautaro Martínez,La. Martínez,ARG,SUI,120,1,0,0,2026 FIFA World Cup knockout stage
2026,semi-final,2026-07-14,Mikel Oyarzabal,Oyarzabal,ESP,FRA,22,,1,0,2026 FIFA World Cup knockout stage
2026,semi-final,2026-07-14,Pedro Porro,Porro,ESP,FRA,58,,0,0,2026 FIFA World Cup knockout stage
2026,semi-final,2026-07-15,Anthony Gordon (footballer),Gordon,ENG,ARG,55,,0,0,2026 FIFA World Cup knockout stage
2026,semi-final,2026-07-15,Enzo Fernández,Fernández,ARG,ENG,85,,0,0,2026 FIFA World Cup knockout stage
2026,semi-final,2026-07-15,Lautaro Martínez,La. Martínez,ARG,ENG,90,2,0,0,2026 FIFA World Cup knockout stage
2026,third-place,2026-07-18,Declan Rice,Rice,ENG,FRA,3,,0,0,2026 FIFA World Cup knockout stage
2026,third-place,2026-07-18,Ezri Konsa,Konsa,ENG,FRA,18,,0,0,2026 FIFA World Cup knockout stage
2026,third-place,2026-07-18,Bukayo Saka,Saka,ENG,FRA,37,,0,0,2026 FIFA World Cup knockout stage
2026,third-place,2026-07-18,Bukayo Saka,Saka,ENG,FRA,45,1,0,0,2026 FIFA World Cup knockout stage
2026,third-place,2026-07-18,Kylian Mbappé,Mbappé,FRA,ENG,48,,0,0,2026 FIFA World Cup knockout stage
2026,third-place,2026-07-18,Bradley Barcola,Barcola,FRA,ENG,54,,0,0,2026 FIFA World Cup knockout stage
2026,third-place,2026-07-18,Kylian Mbappé,Mbappé,FRA,ENG,66,,0,0,2026 FIFA World Cup knockout stage
2026,third-place,2026-07-18,Bukayo Saka,Saka,ENG,FRA,87,,1,0,2026 FIFA World Cup knockout stage
2026,third-place,2026-07-18,Ousmane Dembélé,Dembélé,FRA,ENG,90,6,0,0,2026 FIFA World Cup knockout stage
2026,third-place,2026-07-18,Jude Bellingham,Bellingham,ENG,FRA,90,8,0,0,2026 FIFA World Cup knockout stage
2026,final,2026-07-19,Ferran Torres,Torres,ESP,ARG,106,,0,0,2026 FIFA World Cup final
